ISO-10303-21;
HEADER;
FILE_DESCRIPTION (( 'STEP AP203' ),
    '1' );
FILE_NAME ('Handle.STEP',
    '2013-04-14T21:29:34',
    ( '' ),
    ( '' ),
    'SwSTEP 2.0',
    'SolidWorks 2012',
    '' );
FILE_SCHEMA (( 'CONFIG_CONTROL_DESIGN' ));
ENDSEC;

DATA;
#1 = CARTESIAN_POINT ( 'NONE',  ( 58.57968265280738500, 30.06512602405830100, 0.0000000000000000000 ) ) ;
#2 = CARTESIAN_POINT ( 'NONE',  ( 63.57034598343055600, 29.30537100912678700, 5.000000000000000900 ) ) ;
#3 = CARTESIAN_POINT ( 'NONE',  ( 58.73204815460768900, 30.57698126954066700, 4.999999999999815300 ) ) ;
#4 = CARTESIAN_POINT ( 'NONE',  ( 58.73204815451890700, 30.57698126956635300, 0.0000000000000000000 ) ) ;
#5 = CARTESIAN_POINT ( 'NONE',  ( 63.67204811856005600, 29.71969242461402800, 5.000000000000000000 ) ) ;
#6 = CARTESIAN_POINT ( 'NONE',  ( 58.79544628311878500, 30.83523170665676000, 5.000000000000000900 ) ) ;
#7 = CARTESIAN_POINT ( 'NONE',  ( 58.79544628313816200, 30.83523170665297300, 0.0000000000000000000 ) ) ;
#8 = CARTESIAN_POINT ( 'NONE',  ( 63.91677287441299900, 30.97291669709219900, 5.000000000000000000 ) ) ;
#9 = CARTESIAN_POINT ( 'NONE',  ( 58.94804440668068000, 31.61667971229746500, 5.000000000000000900 ) ) ;
#10 = CARTESIAN_POINT ( 'NONE',  ( 58.94804440664192000, 31.61667971230502900, 0.0000000000000000000 ) ) ;
#11 = CARTESIAN_POINT ( 'NONE',  ( 63.99999999917348200, 31.82203087859456000, 5.000000000000000000 ) ) ;
#12 = CARTESIAN_POINT ( 'NONE',  ( 58.99999999948492800, 32.14654596996131600, 5.000000000000000900 ) ) ;
#13 = CARTESIAN_POINT ( 'NONE',  ( 59.00000000000001400, 32.14654596995578800, 0.0000000000000000000 ) ) ;
#14 = CARTESIAN_POINT ( 'NONE',  ( 64.00000000000001400, 32.68518518518519800, 5.000000000000000000 ) ) ;
#15 = DIRECTION ( 'NONE',  ( -0.0000000000000000000, -0.0000000000000000000, 1.000000000000000000 ) ) ;
#16 = DIRECTION ( 'NONE',  ( 1.000000000000000000, 0.0000000000000000000, 0.0000000000000000000 ) ) ;
#17 = CARTESIAN_POINT ( 'NONE',  ( 59.00000000000001400, 32.68518518518519000, 0.0000000000000000000 ) ) ;
#18 = CARTESIAN_POINT ( 'NONE',  ( -81.00000000000002800, 102.7733711950120500, 48.35460521343080800 ) ) ;
#19 = CARTESIAN_POINT ( 'NONE',  ( 59.00000000000002100, 32.68518518518519000, 5.000000000000000900 ) ) ;
#20 = DIRECTION ( 'NONE',  ( 1.000000000000000000, -0.0000000000000000000, -0.0000000000000000000 ) ) ;
#21 = CARTESIAN_POINT ( 'NONE',  ( -81.00000000000002800, 85.00000000000000000, -20.00000000000000000 ) ) ;
#22 = DIRECTION ( 'NONE',  ( 0.0000000000000000000, 0.0000000000000000000, -1.000000000000000000 ) ) ;
#23 = DIRECTION ( 'NONE',  ( 1.000000000000000000, -0.0000000000000000000, -0.0000000000000000000 ) ) ;
#24 = CARTESIAN_POINT ( 'NONE',  ( -64.00000000000002800, 22.49999999999999300, 0.0000000000000000000 ) ) ;
#25 = DIRECTION ( 'NONE',  ( 0.0000000000000000000, 0.0000000000000000000, -1.000000000000000000 ) ) ;
#26 = DIRECTION ( 'NONE',  ( -1.196361017915039200E-016, 0.0000000000000000000, -1.000000000000000000 ) ) ;
#27 = DIRECTION ( 'NONE',  ( 0.0000000000000000000, -1.000000000000000000, 0.0000000000000000000 ) ) ;
#28 = DIRECTION ( 'NONE',  ( 0.0000000000000000000, 0.0000000000000000000, -1.000000000000000000 ) ) ;
#29 = CARTESIAN_POINT ( 'NONE',  ( -51.00000000000001400, 102.7733711950120500, 48.35460521343080800 ) ) ;
#30 = CARTESIAN_POINT ( 'NONE',  ( 51.00000000000000700, 43.12778181352325600, -54.01184509755346100 ) ) ;
#31 = DIRECTION ( 'NONE',  ( 1.000000000000000000, 0.0000000000000000000, -1.196361017915039200E-016 ) ) ;
#32 = DIRECTION ( 'NONE',  ( 0.0000000000000000000, -0.1898237547074646800, 0.9818181818181818100 ) ) ;
#33 = CARTESIAN_POINT ( 'NONE',  ( 72.49999999999995700, 204.9999999999999700, -58.00000000000001400 ) ) ;
#34 = DIRECTION ( 'NONE',  ( 0.0000000000000000000, -0.9818181818181818100, -0.1898237547074646800 ) ) ;
#35 = DIRECTION ( 'NONE',  ( 0.0000000000000000000, 0.0000000000000000000, 1.000000000000000000 ) ) ;
#36 = DIRECTION ( 'NONE',  ( -0.0000000000000000000, -0.0000000000000000000, 1.000000000000000000 ) ) ;
#37 = DIRECTION ( 'NONE',  ( 1.000000000000000000, 0.0000000000000000000, 0.0000000000000000000 ) ) ;
#38 = CARTESIAN_POINT ( 'NONE',  ( 51.00000000000000700, 102.7733711950120500, 48.35460521343080800 ) ) ;
#39 = CARTESIAN_POINT ( 'NONE',  ( -81.00000000000002800, 102.7733711950120500, 48.35460521343080800 ) ) ;
#40 = DIRECTION ( 'NONE',  ( -1.000000000000000000, 0.0000000000000000000, 0.0000000000000000000 ) ) ;
#41 = DIRECTION ( 'NONE',  ( 1.000000000000000000, -0.0000000000000000000, -0.0000000000000000000 ) ) ;
#42 = CARTESIAN_POINT ( 'NONE',  ( -51.00000000000002100, 19.53703703703703800, 0.0000000000000000000 ) ) ;
#43 = DIRECTION ( 'NONE',  ( 0.0000000000000000000, 0.0000000000000000000, -1.000000000000000000 ) ) ;
#44 = DIRECTION ( 'NONE',  ( -1.000000000000000000, 0.0000000000000000000, 0.0000000000000000000 ) ) ;
#45 = CARTESIAN_POINT ( 'NONE',  ( -81.00000000000002800, 102.7733711950120500, 48.35460521343080800 ) ) ;
#46 = DIRECTION ( 'NONE',  ( 0.0000000000000000000, 0.0000000000000000000, 1.000000000000000000 ) ) ;
#47 = DIRECTION ( 'NONE',  ( 1.000000000000000000, -0.0000000000000000000, -0.0000000000000000000 ) ) ;
#48 = CARTESIAN_POINT ( 'NONE',  ( -72.50000000000007100, 204.9999999999998900, -58.00000000000001400 ) ) ;
#49 = DIRECTION ( 'NONE',  ( 0.0000000000000000000, 0.0000000000000000000, -1.000000000000000000 ) ) ;
#50 = DIRECTION ( 'NONE',  ( -0.0000000000000000000, -0.0000000000000000000, 1.000000000000000000 ) ) ;
#51 = CARTESIAN_POINT ( 'NONE',  ( -72.50000000000001400, 15.00000000000008900, -58.00000000000001400 ) ) ;
#52 = DIRECTION ( 'NONE',  ( 1.000000000000000000, 0.0000000000000000000, 0.0000000000000000000 ) ) ;
#53 = DIRECTION ( 'NONE',  ( -1.196361017915039200E-016, 0.0000000000000000000, -1.000000000000000000 ) ) ;
#54 = CARTESIAN_POINT ( 'NONE',  ( -51.00000000000001400, 102.7733711950120500, 48.35460521343080800 ) ) ;
#55 = DIRECTION ( 'NONE',  ( -0.0000000000000000000, -0.0000000000000000000, 1.000000000000000000 ) ) ;
#56 = DIRECTION ( 'NONE',  ( 1.000000000000000000, 0.0000000000000000000, -1.196361017915039200E-016 ) ) ;
#57 = DIRECTION ( 'NONE',  ( 1.000000000000000000, 0.0000000000000000000, 0.0000000000000000000 ) ) ;
#58 = CARTESIAN_POINT ( 'NONE',  ( -75.25000000000007100, 204.9999999999998900, 2.999999999999995600 ) ) ;
#59 = CARTESIAN_POINT ( 'NONE',  ( -69.75000000000005700, 204.9999999999998900, 2.999999999999995600 ) ) ;
#60 = CARTESIAN_POINT ( 'NONE',  ( 61.00000000000001400, 85.00000000000000000, -7.500000000000008000 ) ) ;
#61 = CARTESIAN_POINT ( 'NONE',  ( -51.00000000000002100, 197.5000000000000300, 0.0000000000000000000 ) ) ;
#62 = CARTESIAN_POINT ( 'NONE',  ( 61.00000000000001400, 85.00000000000000000, -32.49999999999999300 ) ) ;
#63 = CARTESIAN_POINT ( 'NONE',  ( -79.00000000000004300, 204.9999999999998900, 5.000000000000000000 ) ) ;
#64 = CARTESIAN_POINT ( 'NONE',  ( -50.99999999999953800, 200.2488586709062000, 5.000000000000000000 ) ) ;
#65 = CARTESIAN_POINT ( 'NONE',  ( 80.99999999999998600, 204.9999999999998900, 3.000000000000000000 ) ) ;
#66 = CARTESIAN_POINT ( 'NONE',  ( 75.25000000000001400, 15.00000000000008900, 2.999999999999995600 ) ) ;
#67 = CARTESIAN_POINT ( 'NONE',  ( -69.75000000000005700, 204.9999999999998900, 0.0000000000000000000 ) ) ;
#68 = CARTESIAN_POINT ( 'NONE',  ( 51.00000000000000700, 200.2488586709062000, 5.000000000000000000 ) ) ;
#69 = CARTESIAN_POINT ( 'NONE',  ( 67.74999999999997200, 109.9999999999999900, 5.000000000000000000 ) ) ;
#70 = CARTESIAN_POINT ( 'NONE',  ( -61.00000000000003600, 102.7733711950120500, -48.00000000000001400 ) ) ;
#71 = CARTESIAN_POINT ( 'NONE',  ( 51.00000000000000700, 22.49999999999999300, 0.0000000000000000000 ) ) ;
#72 = CARTESIAN_POINT ( 'NONE',  ( -61.00000000000002800, 32.68518518518518300, 0.0000000000000000000 ) ) ;
#73 = CARTESIAN_POINT ( 'NONE',  ( 64.00000000000001400, 32.68518518518519000, 5.000000000000000000 ) ) ;
#74 = CARTESIAN_POINT ( 'NONE',  ( -69.75000000000001400, 109.9999999999999900, 2.999999999999995600 ) ) ;
#75 = CARTESIAN_POINT ( 'NONE',  ( 54.00000000000000700, 85.00000000000000000, -5.500000000000008000 ) ) ;
#76 = CARTESIAN_POINT ( 'NONE',  ( -59.00000000000002100, 85.00000000000000000, -0.5000000000000071100 ) ) ;
#77 = CARTESIAN_POINT ( 'NONE',  ( -65.99999999999991500, 219.9999999999999700, 0.0000000000000000000 ) ) ;
#78 = CARTESIAN_POINT ( 'NONE',  ( -75.25000000000001400, 15.00000000000008900, 2.999999999999995600 ) ) ;
#79 = CARTESIAN_POINT ( 'NONE',  ( -51.00000000000002800, 102.7733711950120500, -56.00000000000000700 ) ) ;
#80 = CARTESIAN_POINT ( 'NONE',  ( -51.00000000000002800, 31.47302092741900700, -27.84345041116860400 ) ) ;
#81 = CARTESIAN_POINT ( 'NONE',  ( 59.00000000000000700, 85.00000000000000000, -39.49999999999999300 ) ) ;
#82 = CARTESIAN_POINT ( 'NONE',  ( 67.74999999999991500, 204.9999999999999700, 5.000000000000000000 ) ) ;
#83 = CARTESIAN_POINT ( 'NONE',  ( -67.75000000000002800, 204.9999999999998900, 5.000000000000000000 ) ) ;
#84 = CARTESIAN_POINT ( 'NONE',  ( 65.99999999999985800, 219.9999999999999700, 3.000000000000000000 ) ) ;
#85 = CARTESIAN_POINT ( 'NONE',  ( -61.00000000000002800, 36.93902600667859600, -22.00197898065487600 ) ) ;
#86 = CARTESIAN_POINT ( 'NONE',  ( -51.00000000000002800, 30.10651965760409300, -29.30381826879702300 ) ) ;
#87 = CARTESIAN_POINT ( 'NONE',  ( -51.00000000000002100, 27.12084418849678300, -23.90021652772951600 ) ) ;
#88 = CARTESIAN_POINT ( 'NONE',  ( 51.00000000000000700, 24.53703703703703800, 0.0000000000000000000 ) ) ;
#89 = CARTESIAN_POINT ( 'NONE',  ( 69.75000000000001400, 109.9999999999999900, 0.0000000000000000000 ) ) ;
#90 = CARTESIAN_POINT ( 'NONE',  ( -67.74999999999997200, 15.00000000000008900, 5.000000000000000000 ) ) ;
#91 = CARTESIAN_POINT ( 'NONE',  ( -61.00000000000002800, 85.00000000000000000, -7.500000000000008000 ) ) ;
#92 = CARTESIAN_POINT ( 'NONE',  ( -75.25000000000007100, 204.9999999999998900, 0.0000000000000000000 ) ) ;
#93 = CARTESIAN_POINT ( 'NONE',  ( -51.00000000000002800, 195.2488586709062000, 0.0000000000000000000 ) ) ;
#94 = CARTESIAN_POINT ( 'NONE',  ( 79.00000000000000000, 15.00000000000009100, 5.000000000000000000 ) ) ;
#95 = CARTESIAN_POINT ( 'NONE',  ( 80.99999999999998600, 204.9999999999998900, 0.0000000000000000000 ) ) ;
#96 = CARTESIAN_POINT ( 'NONE',  ( 59.00000000000000700, 36.93902600667860300, -22.00197898065487600 ) ) ;
#97 = CARTESIAN_POINT ( 'NONE',  ( 65.99999999999985800, 217.9999999999999700, 5.000000000000000000 ) ) ;
#98 = CARTESIAN_POINT ( 'NONE',  ( -65.99999999999990100, 1.999999999999986200, 5.000000000000000000 ) ) ;
#99 = CARTESIAN_POINT ( 'NONE',  ( -59.00000000000002100, 85.00000000000000000, -39.49999999999999300 ) ) ;
#100 = CARTESIAN_POINT ( 'NONE',  ( -51.00000000000002100, 29.08448055213314400, -23.52056901831459300 ) ) ;
#101 = CARTESIAN_POINT ( 'NONE',  ( 51.00000000000000700, 29.08448055213314400, -23.52056901831459300 ) ) ;
#102 = CARTESIAN_POINT ( 'NONE',  ( 81.00000000000000000, 15.00000000000009100, 0.0000000000000000000 ) ) ;
#103 = CARTESIAN_POINT ( 'NONE',  ( 69.74999999999995700, 204.9999999999999700, 0.0000000000000000000 ) ) ;
#104 = CARTESIAN_POINT ( 'NONE',  ( -67.74999999999997200, 109.9999999999999900, 5.000000000000000000 ) ) ;
#105 = CARTESIAN_POINT ( 'NONE',  ( -69.75000000000000000, 15.00000000000008900, 0.0000000000000000000 ) ) ;
#106 = CARTESIAN_POINT ( 'NONE',  ( -59.00000000000002800, 102.7733711950120500, -48.00000000000001400 ) ) ;
#107 = CARTESIAN_POINT ( 'NONE',  ( 77.25000000000007100, 109.9999999999999900, 5.000000000000000000 ) ) ;
#108 = CARTESIAN_POINT ( 'NONE',  ( 51.00000000000000700, 102.7733711950120500, -56.00000000000000700 ) ) ;
#109 = CARTESIAN_POINT ( 'NONE',  ( -81.00000000000002800, 204.9999999999998900, 0.0000000000000000000 ) ) ;
#110 = CARTESIAN_POINT ( 'NONE',  ( 51.00000000000000700, 27.12084418849678300, -23.90021652772951600 ) ) ;
#111 = CARTESIAN_POINT ( 'NONE',  ( -59.00000000000002100, 36.93902600667859600, -22.00197898065487600 ) ) ;
#112 = CARTESIAN_POINT ( 'NONE',  ( -59.00000000000002100, 32.68518518518518300, 0.0000000000000000000 ) ) ;
#113 = CARTESIAN_POINT ( 'NONE',  ( -69.75000000000000000, 15.00000000000008900, 2.999999999999995600 ) ) ;
#114 = CARTESIAN_POINT ( 'NONE',  ( 69.75000000000001400, 109.9999999999999900, 2.999999999999995600 ) ) ;
#115 = CARTESIAN_POINT ( 'NONE',  ( 69.75000000000000000, 15.00000000000008900, 2.999999999999995600 ) ) ;
#116 = CARTESIAN_POINT ( 'NONE',  ( -65.99999999999988600, -1.387778780781445700E-014, 0.0000000000000000000 ) ) ;
#117 = CARTESIAN_POINT ( 'NONE',  ( 78.99999999999997200, 204.9999999999998900, 5.000000000000000000 ) ) ;
#118 = CARTESIAN_POINT ( 'NONE',  ( -51.00000000000002100, 24.53703703703703800, 0.0000000000000000000 ) ) ;
#119 = CARTESIAN_POINT ( 'NONE',  ( -64.00000000000002800, 186.1162899133372500, 5.000000000000000000 ) ) ;
#120 = CARTESIAN_POINT ( 'NONE',  ( -65.99999999999988600, -1.387778780781445700E-014, 3.000000000000000000 ) ) ;
#121 = CARTESIAN_POINT ( 'NONE',  ( 61.00000000000000700, 36.93902600667860300, -22.00197898065487600 ) ) ;
#122 = CARTESIAN_POINT ( 'NONE',  ( 69.75000000000000000, 15.00000000000008900, 0.0000000000000000000 ) ) ;
#123 = CARTESIAN_POINT ( 'NONE',  ( -51.00000000000002800, 102.7733711950120500, -58.00000000000000700 ) ) ;
#124 = CARTESIAN_POINT ( 'NONE',  ( 65.99999999999985800, 219.9999999999999700, 0.0000000000000000000 ) ) ;
#125 = CARTESIAN_POINT ( 'NONE',  ( 64.00000000000000000, 186.1162899133375400, 5.000000000000000000 ) ) ;
#126 = CARTESIAN_POINT ( 'NONE',  ( 51.00000000000000700, 102.7733711950120500, -58.00000000000000700 ) ) ;
#127 = CARTESIAN_POINT ( 'NONE',  ( -61.00000000000002800, 85.00000000000000000, -32.49999999999999300 ) ) ;
#128 = CARTESIAN_POINT ( 'NONE',  ( 75.24999999999995700, 204.9999999999999700, 0.0000000000000000000 ) ) ;
#129 = CARTESIAN_POINT ( 'NONE',  ( -54.00000000000003600, 85.00000000000000000, -34.49999999999998600 ) ) ;
#130 = CARTESIAN_POINT ( 'NONE',  ( 51.00000000000000700, 30.10651965760408900, -29.30381826879702700 ) ) ;
#131 = CARTESIAN_POINT ( 'NONE',  ( -81.00000000000000000, 15.00000000000008900, 0.0000000000000000000 ) ) ;
#132 = CARTESIAN_POINT ( 'NONE',  ( 75.25000000000002800, 109.9999999999999900, 0.0000000000000000000 ) ) ;
#133 = CARTESIAN_POINT ( 'NONE',  ( 77.24999999999998600, 204.9999999999999700, 5.000000000000000000 ) ) ;
#134 = CARTESIAN_POINT ( 'NONE',  ( 75.25000000000001400, 15.00000000000008900, 0.0000000000000000000 ) ) ;
#135 = CARTESIAN_POINT ( 'NONE',  ( 51.00000000000000700, 195.2488586709062000, 0.0000000000000000000 ) ) ;
#136 = CARTESIAN_POINT ( 'NONE',  ( 65.99999999999988600, -1.387778780781445700E-014, 3.000000000000000000 ) ) ;
#137 = CARTESIAN_POINT ( 'NONE',  ( -59.00000000000002100, 186.1162899133372500, 0.0000000000000000000 ) ) ;
#138 = CARTESIAN_POINT ( 'NONE',  ( 69.74999999999995700, 204.9999999999999700, 2.999999999999995600 ) ) ;
#139 = CARTESIAN_POINT ( 'NONE',  ( -81.00000000000002800, 204.9999999999998900, 3.000000000000000000 ) ) ;
#140 = CARTESIAN_POINT ( 'NONE',  ( -79.00000000000000000, 15.00000000000007600, 5.000000000000000000 ) ) ;
#141 = CARTESIAN_POINT ( 'NONE',  ( 51.00000000000000700, 31.47302092741900700, -27.84345041116860400 ) ) ;
#142 = CARTESIAN_POINT ( 'NONE',  ( -64.00000000000002800, 32.68518518518518300, 5.000000000000000000 ) ) ;
#143 = CARTESIAN_POINT ( 'NONE',  ( 59.00000000000000700, 186.1162899133372800, 0.0000000000000000000 ) ) ;
#144 = CARTESIAN_POINT ( 'NONE',  ( -77.25000000000009900, 204.9999999999998900, 5.000000000000000000 ) ) ;
#145 = CARTESIAN_POINT ( 'NONE',  ( 51.00000000000000700, 197.5000000000000000, 0.0000000000000000000 ) ) ;
#146 = CARTESIAN_POINT ( 'NONE',  ( 61.00000000000000700, 32.68518518518518300, 1.734723475976807100E-015 ) ) ;
#147 = CARTESIAN_POINT ( 'NONE',  ( 59.00000000000001400, 32.68518518518519000, 0.0000000000000000000 ) ) ;
#148 = CARTESIAN_POINT ( 'NONE',  ( -65.99999999999991500, 219.9999999999999700, 3.000000000000000000 ) ) ;
#149 = CARTESIAN_POINT ( 'NONE',  ( 65.99999999999990100, 1.999999999999986200, 5.000000000000000000 ) ) ;
#150 = CARTESIAN_POINT ( 'NONE',  ( 53.98549433995945900, 19.88100464051069600, 5.000000000000000000 ) ) ;
#151 = CARTESIAN_POINT ( 'NONE',  ( 66.00000000000000000, 14.99999999999998600, 3.000000000000000000 ) ) ;
#152 = CARTESIAN_POINT ( 'NONE',  ( -79.00000000000000000, -1.154047617702466800E-014, 3.000000000000000000 ) ) ;
#153 = DIRECTION ( 'NONE',  ( 0.0000000000000000000, 0.0000000000000000000, 1.000000000000000000 ) ) ;
#154 = CARTESIAN_POINT ( 'NONE',  ( 0.0000000000000000000, 1.999999999999986200, 3.000000000000000000 ) ) ;
#155 = DIRECTION ( 'NONE',  ( -1.460819769243628900E-016, 1.000000000000000000, 0.0000000000000000000 ) ) ;
#156 = DIRECTION ( 'NONE',  ( -1.000000000000000000, -1.460819769243630300E-016, 0.0000000000000000000 ) ) ;
#157 = DIRECTION ( 'NONE',  ( -1.000000000000000000, 0.0000000000000000000, 0.0000000000000000000 ) ) ;
#158 = DIRECTION ( 'NONE',  ( 1.000000000000000000, -0.0000000000000000000, -0.0000000000000000000 ) ) ;
#159 = CARTESIAN_POINT ( 'NONE',  ( -81.00000000000002800, 36.93902600667859600, -22.00197898065486900 ) ) ;
#160 = DIRECTION ( 'NONE',  ( 1.000000000000000000, 0.0000000000000000000, -0.0000000000000000000 ) ) ;
#161 = DIRECTION ( 'NONE',  ( 0.0000000000000000000, 0.0000000000000000000, -1.000000000000000000 ) ) ;
#162 = PLANE ( 'NONE',  #718 ) ;
#163 = DIRECTION ( 'NONE',  ( 0.0000000000000000000, 0.0000000000000000000, 1.000000000000000000 ) ) ;
#164 = CARTESIAN_POINT ( 'NONE',  ( -66.00000000000002800, 204.9999999999999700, 0.0000000000000000000 ) ) ;
#165 = DIRECTION ( 'NONE',  ( 1.000000000000000000, 0.0000000000000000000, -0.0000000000000000000 ) ) ;
#166 = DIRECTION ( 'NONE',  ( 0.0000000000000000000, 0.0000000000000000000, 1.000000000000000000 ) ) ;
#167 = PLANE ( 'NONE',  #716 ) ;
#168 = CARTESIAN_POINT ( 'NONE',  ( 0.0000000000000000000, 0.0000000000000000000, 5.000000000000000000 ) ) ;
#169 = CARTESIAN_POINT ( 'NONE',  ( -81.00000000000002800, 85.00000000000000000, -20.00000000000000000 ) ) ;
#170 = DIRECTION ( 'NONE',  ( 1.000000000000000000, -0.0000000000000000000, -0.0000000000000000000 ) ) ;
#171 = DIRECTION ( 'NONE',  ( 1.460819769243628900E-016, -1.000000000000000000, 0.0000000000000000000 ) ) ;
#172 = DIRECTION ( 'NONE',  ( -1.000000000000000000, -1.460819769243628900E-016, 0.0000000000000000000 ) ) ;
#173 = DIRECTION ( 'NONE',  ( 0.0000000000000000000, 0.0000000000000000000, 1.000000000000000000 ) ) ;
#174 = PLANE ( 'NONE',  #714 ) ;
#175 = DIRECTION ( 'NONE',  ( 0.0000000000000000000, -0.0000000000000000000, -1.000000000000000000 ) ) ;
#176 = DIRECTION ( 'NONE',  ( 0.0000000000000000000, -1.000000000000000000, 0.0000000000000000000 ) ) ;
#177 = DIRECTION ( 'NONE',  ( 0.0000000000000000000, 0.0000000000000000000, -1.000000000000000000 ) ) ;
#178 = CARTESIAN_POINT ( 'NONE',  ( 80.99999999999997200, 204.9999999999998900, 5.000000000000000000 ) ) ;
#179 = PLANE ( 'NONE',  #713 ) ;
#180 = CARTESIAN_POINT ( 'NONE',  ( 65.99999999999997200, 204.9999999999999700, 5.000000000000000000 ) ) ;
#181 = CARTESIAN_POINT ( 'NONE',  ( -65.99999999999991500, 219.9999999999999700, 5.000000000000000000 ) ) ;
#182 = DIRECTION ( 'NONE',  ( -1.196361017915039200E-016, 0.0000000000000000000, -1.000000000000000000 ) ) ;
#183 = DIRECTION ( 'NONE',  ( -0.0000000000000000000, -0.0000000000000000000, -1.000000000000000000 ) ) ;
#184 = DIRECTION ( 'NONE',  ( -1.000000000000000000, 0.0000000000000000000, 0.0000000000000000000 ) ) ;
#185 = DIRECTION ( 'NONE',  ( 1.000000000000000000, 0.0000000000000000000, 0.0000000000000000000 ) ) ;
#186 = CARTESIAN_POINT ( 'NONE',  ( -51.00000000000001400, 102.7733711950120500, 48.35460521343080800 ) ) ;
#187 = DIRECTION ( 'NONE',  ( 1.000000000000000000, 0.0000000000000000000, -1.196361017915039200E-016 ) ) ;
#188 = DIRECTION ( 'NONE',  ( 0.0000000000000000000, 0.0000000000000000000, 1.000000000000000000 ) ) ;
#189 = CARTESIAN_POINT ( 'NONE',  ( 51.00000000000000700, 36.93902600667860300, -22.00197898065488600 ) ) ;
#190 = DIRECTION ( 'NONE',  ( 0.0000000000000000000, 1.000000000000000000, 0.0000000000000000000 ) ) ;
#191 = CARTESIAN_POINT ( 'NONE',  ( 51.00000000000000700, 102.7733711950120500, 48.35460521343080800 ) ) ;
#192 = CARTESIAN_POINT ( 'NONE',  ( 51.00000000000000700, 43.12778181352325600, -54.01184509755346100 ) ) ;
#193 = DIRECTION ( 'NONE',  ( -1.000000000000000000, 0.0000000000000000000, 0.0000000000000000000 ) ) ;
#194 = DIRECTION ( 'NONE',  ( 0.0000000000000000000, -0.1898237547074646800, 0.9818181818181818100 ) ) ;
#195 = CARTESIAN_POINT ( 'NONE',  ( -51.00000000000002100, 32.31818181818181300, 1.898237547074644400 ) ) ;
#196 = DIRECTION ( 'NONE',  ( 0.0000000000000000000, -0.9818181818181818100, -0.1898237547074644900 ) ) ;
#197 = DIRECTION ( 'NONE',  ( 1.000000000000000000, 0.0000000000000000000, 0.0000000000000000000 ) ) ;
#198 = DIRECTION ( 'NONE',  ( -1.174608999407493000E-016, 0.1898237547074646800, -0.9818181818181818100 ) ) ;
#199 = DIRECTION ( 'NONE',  ( 0.0000000000000000000, 0.9818181818181818100, 0.1898237547074647100 ) ) ;
#200 = CARTESIAN_POINT ( 'NONE',  ( -66.00000000000000000, 14.99999999999998800, 3.000000000000000000 ) ) ;
#201 = CARTESIAN_POINT ( 'NONE',  ( 72.50000000000001400, 15.00000000000008900, 2.999999999999995600 ) ) ;
#202 = DIRECTION ( 'NONE',  ( 0.0000000000000000000, 0.0000000000000000000, 1.000000000000000000 ) ) ;
#203 = DIRECTION ( 'NONE',  ( 0.0000000000000000000, 0.0000000000000000000, 1.000000000000000000 ) ) ;
#204 = CARTESIAN_POINT ( 'NONE',  ( -81.00000000000002800, 102.7733711950120500, 48.35460521343080800 ) ) ;
#205 = DIRECTION ( 'NONE',  ( 1.000000000000000000, -0.0000000000000000000, -0.0000000000000000000 ) ) ;
#206 = DIRECTION ( 'NONE',  ( 0.0000000000000000000, 0.0000000000000000000, 1.000000000000000000 ) ) ;
#207 = DIRECTION ( 'NONE',  ( -1.000000000000000000, 0.0000000000000000000, 0.0000000000000000000 ) ) ;
#208 = DIRECTION ( 'NONE',  ( 0.0000000000000000000, 0.0000000000000000000, -1.000000000000000000 ) ) ;
#209 = PLANE ( 'NONE',  #701 ) ;
#210 = DIRECTION ( 'NONE',  ( 1.000000000000000000, 0.0000000000000000000, 0.0000000000000000000 ) ) ;
#211 = CARTESIAN_POINT ( 'NONE',  ( 72.50000000000002800, 109.9999999999999900, 2.999999999999995600 ) ) ;
#212 = DIRECTION ( 'NONE',  ( 0.0000000000000000000, 0.0000000000000000000, 1.000000000000000000 ) ) ;
#213 = DIRECTION ( 'NONE',  ( -1.196361017915039200E-016, 0.0000000000000000000, -1.000000000000000000 ) ) ;
#214 = DIRECTION ( 'NONE',  ( 1.000000000000000000, 0.0000000000000000000, -1.196361017915039200E-016 ) ) ;
#215 = DIRECTION ( 'NONE',  ( 1.000000000000000000, 0.0000000000000000000, 0.0000000000000000000 ) ) ;
#216 = PLANE ( 'NONE',  #700 ) ;
#217 = CARTESIAN_POINT ( 'NONE',  ( 59.00000000000000700, 22.49999999999999300, -58.00000000000000700 ) ) ;
#218 = CARTESIAN_POINT ( 'NONE',  ( -81.00000000000002800, 85.00000000000000000, -20.00000000000000000 ) ) ;
#219 = DIRECTION ( 'NONE',  ( 1.000000000000000000, -0.0000000000000000000, -0.0000000000000000000 ) ) ;
#220 = DIRECTION ( 'NONE',  ( 0.0000000000000000000, 0.1898237547074646800, -0.9818181818181819200 ) ) ;
#221 = DIRECTION ( 'NONE',  ( 0.0000000000000000000, -0.9818181818181819200, -0.1898237547074646800 ) ) ;
#222 = CARTESIAN_POINT ( 'NONE',  ( -59.00000000000002100, 22.49999999999999300, -2.994727501664549500E-015 ) ) ;
#223 = DIRECTION ( 'NONE',  ( 0.0000000000000000000, 0.0000000000000000000, -1.000000000000000000 ) ) ;
#224 = PLANE ( 'NONE',  #698 ) ;
#225 = CARTESIAN_POINT ( 'NONE',  ( -66.00000000000002800, 204.9999999999999700, 5.000000000000000000 ) ) ;
#226 = DIRECTION ( 'NONE',  ( -0.0000000000000000000, -0.0000000000000000000, -1.000000000000000000 ) ) ;
#227 = DIRECTION ( 'NONE',  ( 0.0000000000000000000, -0.0000000000000000000, 1.000000000000000000 ) ) ;
#228 = DIRECTION ( 'NONE',  ( 0.0000000000000000000, 1.000000000000000000, 0.0000000000000000000 ) ) ;
#229 = CARTESIAN_POINT ( 'NONE',  ( -81.00000000000002800, 23.65289256198346700, 4.573026817952556800 ) ) ;
#230 = DIRECTION ( 'NONE',  ( -1.000000000000000000, 0.0000000000000000000, 0.0000000000000000000 ) ) ;
#231 = PLANE ( 'NONE',  #696 ) ;
#232 = CARTESIAN_POINT ( 'NONE',  ( -81.00000000000002800, 36.93902600667859600, -22.00197898065486900 ) ) ;
#233 = CARTESIAN_POINT ( 'NONE',  ( -65.99999999999988600, -1.387778780781445700E-014, 5.000000000000000000 ) ) ;
#234 = DIRECTION ( 'NONE',  ( 1.000000000000000000, -0.0000000000000000000, -0.0000000000000000000 ) ) ;
#235 = DIRECTION ( 'NONE',  ( -0.0000000000000000000, -0.0000000000000000000, -1.000000000000000000 ) ) ;
#236 = CARTESIAN_POINT ( 'NONE',  ( 66.00000000000000000, 14.99999999999998600, 5.000000000000000000 ) ) ;
#237 = DIRECTION ( 'NONE',  ( -1.460819769243628900E-016, 1.000000000000000000, 0.0000000000000000000 ) ) ;
#238 = DIRECTION ( 'NONE',  ( 1.000000000000000000, 1.460819769243628900E-016, -0.0000000000000000000 ) ) ;
#239 = DIRECTION ( 'NONE',  ( 0.0000000000000000000, 0.0000000000000000000, -1.000000000000000000 ) ) ;
#240 = DIRECTION ( 'NONE',  ( -1.000000000000000000, 0.0000000000000000000, 0.0000000000000000000 ) ) ;
#241 = DIRECTION ( 'NONE',  ( -1.196361017915039200E-016, 0.0000000000000000000, -1.000000000000000000 ) ) ;
#242 = PLANE ( 'NONE',  #692 ) ;
#243 = CARTESIAN_POINT ( 'NONE',  ( -81.00000000000002800, 204.9999999999998900, 5.000000000000000000 ) ) ;
#244 = DIRECTION ( 'NONE',  ( 1.000000000000000000, 0.0000000000000000000, 0.0000000000000000000 ) ) ;
#245 = CARTESIAN_POINT ( 'NONE',  ( -54.00000000000003600, 85.00000000000000000, -20.00000000000000000 ) ) ;
#246 = DIRECTION ( 'NONE',  ( 1.000000000000000000, 0.0000000000000000000, -1.196361017915039200E-016 ) ) ;
#247 = DIRECTION ( 'NONE',  ( 0.0000000000000000000, 0.0000000000000000000, 1.000000000000000000 ) ) ;
#248 = CARTESIAN_POINT ( 'NONE',  ( -51.00000000000002100, 36.93902600667860300, -22.00197898065489700 ) ) ;
#249 = DIRECTION ( 'NONE',  ( 0.0000000000000000000, 1.000000000000000000, 0.0000000000000000000 ) ) ;
#250 = CARTESIAN_POINT ( 'NONE',  ( 54.00000000000000700, 85.00000000000000000, -20.00000000000000000 ) ) ;
#251 = CARTESIAN_POINT ( 'NONE',  ( -66.00000000000000000, 14.99999999999998800, 5.000000000000000000 ) ) ;
#252 = DIRECTION ( 'NONE',  ( -1.000000000000000000, 0.0000000000000000000, 0.0000000000000000000 ) ) ;
#253 = DIRECTION ( 'NONE',  ( -0.0000000000000000000, -0.0000000000000000000, -1.000000000000000000 ) ) ;
#254 = CARTESIAN_POINT ( 'NONE',  ( 72.49999999999995700, 204.9999999999999700, -58.00000000000001400 ) ) ;
#255 = DIRECTION ( 'NONE',  ( -1.000000000000000000, 0.0000000000000000000, 0.0000000000000000000 ) ) ;
#256 = DIRECTION ( 'NONE',  ( -0.0000000000000000000, -0.0000000000000000000, 1.000000000000000000 ) ) ;
#257 = CARTESIAN_POINT ( 'NONE',  ( 72.50000000000002800, 109.9999999999999900, -58.00000000000001400 ) ) ;
#258 = DIRECTION ( 'NONE',  ( 1.000000000000000000, 0.0000000000000000000, 0.0000000000000000000 ) ) ;
#259 = DIRECTION ( 'NONE',  ( -0.0000000000000000000, -0.0000000000000000000, 1.000000000000000000 ) ) ;
#260 = CARTESIAN_POINT ( 'NONE',  ( 72.50000000000001400, 15.00000000000008900, 2.999999999999995600 ) ) ;
#261 = DIRECTION ( 'NONE',  ( 1.000000000000000000, 0.0000000000000000000, 0.0000000000000000000 ) ) ;
#262 = DIRECTION ( 'NONE',  ( 0.0000000000000000000, 0.0000000000000000000, 1.000000000000000000 ) ) ;
#263 = CARTESIAN_POINT ( 'NONE',  ( 72.50000000000001400, 15.00000000000008900, -58.00000000000001400 ) ) ;
#264 = DIRECTION ( 'NONE',  ( 1.000000000000000000, 0.0000000000000000000, 0.0000000000000000000 ) ) ;
#265 = DIRECTION ( 'NONE',  ( -0.0000000000000000000, -0.0000000000000000000, 1.000000000000000000 ) ) ;
#266 = CARTESIAN_POINT ( 'NONE',  ( 72.50000000000001400, 15.00000000000008900, -58.00000000000001400 ) ) ;
#267 = DIRECTION ( 'NONE',  ( 1.000000000000000000, 0.0000000000000000000, 0.0000000000000000000 ) ) ;
#268 = DIRECTION ( 'NONE',  ( -0.0000000000000000000, -0.0000000000000000000, 1.000000000000000000 ) ) ;
#269 = DIRECTION ( 'NONE',  ( 1.000000000000000000, 0.0000000000000000000, 0.0000000000000000000 ) ) ;
#270 = DIRECTION ( 'NONE',  ( 0.0000000000000000000, 1.000000000000000000, 0.0000000000000000000 ) ) ;
#271 = CARTESIAN_POINT ( 'NONE',  ( 64.00000000000000000, 22.49999999999999300, 0.0000000000000000000 ) ) ;
#272 = CARTESIAN_POINT ( 'NONE',  ( 72.49999999999995700, 204.9999999999999700, 2.999999999999995600 ) ) ;
#273 = DIRECTION ( 'NONE',  ( 0.0000000000000000000, 0.0000000000000000000, 1.000000000000000000 ) ) ;
#274 = DIRECTION ( 'NONE',  ( 0.0000000000000000000, 0.0000000000000000000, 1.000000000000000000 ) ) ;
#275 = CARTESIAN_POINT ( 'NONE',  ( -72.50000000000007100, 204.9999999999998900, 2.999999999999995600 ) ) ;
#276 = DIRECTION ( 'NONE',  ( 1.000000000000000000, 0.0000000000000000000, 0.0000000000000000000 ) ) ;
#277 = DIRECTION ( 'NONE',  ( 0.0000000000000000000, 0.0000000000000000000, 1.000000000000000000 ) ) ;
#278 = CARTESIAN_POINT ( 'NONE',  ( 51.00000000000000700, 200.2488586709062000, 0.0000000000000000000 ) ) ;
#279 = DIRECTION ( 'NONE',  ( 1.000000000000000000, 0.0000000000000000000, 0.0000000000000000000 ) ) ;
#280 = DIRECTION ( 'NONE',  ( 1.000000000000000000, 0.0000000000000000000, 0.0000000000000000000 ) ) ;
#281 = CARTESIAN_POINT ( 'NONE',  ( 0.0000000000000000000, 217.9999999999999700, 3.000000000000000000 ) ) ;
#282 = DIRECTION ( 'NONE',  ( 0.0000000000000000000, 0.0000000000000000000, -1.000000000000000000 ) ) ;
#283 = DIRECTION ( 'NONE',  ( 1.000000000000000000, 0.0000000000000000000, 0.0000000000000000000 ) ) ;
#284 = DIRECTION ( 'NONE',  ( 0.0000000000000000000, 0.0000000000000000000, -1.000000000000000000 ) ) ;
#285 = CARTESIAN_POINT ( 'NONE',  ( -72.50000000000007100, 204.9999999999998900, -58.00000000000001400 ) ) ;
#286 = DIRECTION ( 'NONE',  ( 1.000000000000000000, 0.0000000000000000000, 0.0000000000000000000 ) ) ;
#287 = DIRECTION ( 'NONE',  ( -0.0000000000000000000, -0.0000000000000000000, 1.000000000000000000 ) ) ;
#288 = DIRECTION ( 'NONE',  ( 1.000000000000000000, 0.0000000000000000000, 0.0000000000000000000 ) ) ;
#289 = CARTESIAN_POINT ( 'NONE',  ( 65.99999999999997200, 204.9999999999999700, 3.000000000000000000 ) ) ;
#290 = CARTESIAN_POINT ( 'NONE',  ( -72.50000000000002800, 109.9999999999999900, 2.999999999999995600 ) ) ;
#291 = DIRECTION ( 'NONE',  ( 0.0000000000000000000, 0.0000000000000000000, 1.000000000000000000 ) ) ;
#292 = DIRECTION ( 'NONE',  ( 0.0000000000000000000, 0.0000000000000000000, 1.000000000000000000 ) ) ;
#293 = CARTESIAN_POINT ( 'NONE',  ( 52.82488601990299100, 24.74732238223191400, 5.000000000000561300 ) ) ;
#294 = CARTESIAN_POINT ( 'NONE',  ( 52.04962314292033900, 24.58965638055847000, 0.0000000000000000000 ) ) ;
#295 = CARTESIAN_POINT ( 'NONE',  ( 58.57968265271861700, 30.06512602408398400, 5.000000000000187400 ) ) ;
#296 = CARTESIAN_POINT ( 'NONE',  ( 54.40236954839066600, 19.98796963839858500, 5.000000000000000000 ) ) ;
#297 = CARTESIAN_POINT ( 'NONE',  ( 52.82488601991698800, 24.74732238215496900, 0.0000000000000000000 ) ) ;
#298 = CARTESIAN_POINT ( 'NONE',  ( -72.50000000000001400, 15.00000000000008900, 2.999999999999995600 ) ) ;
#299 = CARTESIAN_POINT ( 'NONE',  ( 63.32576414248455900, 28.48372505469050300, 5.000000000000000900 ) ) ;
#300 = CARTESIAN_POINT ( 'NONE',  ( 58.49020762097455200, 29.81056808371939600, 0.0000000000000000000 ) ) ;
#301 = CARTESIAN_POINT ( 'NONE',  ( 58.49020762088757400, 29.81056808375481300, 5.000000000000000900 ) ) ;
#302 = CARTESIAN_POINT ( 'NONE',  ( 63.18206763838246300, 28.07486598165959200, 5.000000000000000000 ) ) ;
#303 = CARTESIAN_POINT ( 'NONE',  ( 57.36228981381336900, 27.71692917262851500, 0.0000000000000000000 ) ) ;
#304 = CARTESIAN_POINT ( 'NONE',  ( 58.18858240435498200, 29.06983292369271900, 0.0000000000000000000 ) ) ;
#305 = CARTESIAN_POINT ( 'NONE',  ( 57.94258788408283300, 28.60178343479859800, 5.000000000000000900 ) ) ;
#306 = CARTESIAN_POINT ( 'NONE',  ( 57.94258788399116600, 28.60178343485871400, 0.0000000000000000000 ) ) ;
#307 = CARTESIAN_POINT ( 'NONE',  ( 62.69726835830313400, 26.88428955484025100, 5.000000000000000000 ) ) ;
#308 = CARTESIAN_POINT ( 'NONE',  ( 58.18858240452893700, 29.06983292362188500, 5.000000000000000900 ) ) ;
#309 = CARTESIAN_POINT ( 'NONE',  ( 62.30143202044340000, 26.13084191879844900, 5.000000000000000000 ) ) ;
#310 = CARTESIAN_POINT ( 'NONE',  ( 56.28591741323720000, 26.54600417386403800, 5.000000000000000900 ) ) ;
#311 = CARTESIAN_POINT ( 'NONE',  ( 57.36228981372170200, 27.71692917268863000, 5.000000000000000900 ) ) ;
#312 = CARTESIAN_POINT ( 'NONE',  ( 60.81954136238024900, 24.02612727244310500, 5.000000000000000000 ) ) ;
#313 = CARTESIAN_POINT ( 'NONE',  ( 57.02424983579755500, 27.29753887712022800, 5.000000000000000900 ) ) ;
#314 = CARTESIAN_POINT ( 'NONE',  ( 57.02424983587732800, 27.29753887704186300, 0.0000000000000000000 ) ) ;
#315 = CARTESIAN_POINT ( 'NONE',  ( 61.36560433539862900, 24.70386644199015100, 5.000000000000000000 ) ) ;
#316 = CARTESIAN_POINT ( 'NONE',  ( 56.28591741315742800, 26.54600417394240400, 0.0000000000000000000 ) ) ;
#317 = CARTESIAN_POINT ( 'NONE',  ( 57.90819989669851300, 21.53860535570506600, 5.000000000000000000 ) ) ;
#318 = CARTESIAN_POINT ( 'NONE',  ( 59.62407305696221700, 22.80928254147804400, 5.000000000000000000 ) ) ;
#319 = CARTESIAN_POINT ( 'NONE',  ( 55.22959404007669100, 25.76380500737464600, 0.0000000000000000000 ) ) ;
#320 = CARTESIAN_POINT ( 'NONE',  ( 58.97143692672779700, 22.26290958077608600, 5.000000000000000000 ) ) ;
#321 = CARTESIAN_POINT ( 'NONE',  ( 55.88361227530321400, 26.20933893615484700, 4.999999999998515900 ) ) ;
#322 = CARTESIAN_POINT ( 'NONE',  ( 55.88361227519396800, 26.20933893631521300, 0.0000000000000000000 ) ) ;
#323 = CARTESIAN_POINT ( 'NONE',  ( 55.22959404002207200, 25.76380500745483100, 5.000000000000747000 ) ) ;
#324 = CARTESIAN_POINT ( 'NONE',  ( 54.30467066516771300, 25.25999531506554900, 0.0000000000000000000 ) ) ;
#325 = CARTESIAN_POINT ( 'NONE',  ( 55.00225933405787500, 25.62497035348050300, 0.0000000000000000000 ) ) ;
#326 = CARTESIAN_POINT ( 'NONE',  ( 54.54033000834506600, 25.37348128951411400, 5.000000000000000900 ) ) ;
#327 = CARTESIAN_POINT ( 'NONE',  ( 54.54033000830074900, 25.37348128959552100, 0.0000000000000000000 ) ) ;
#328 = CARTESIAN_POINT ( 'NONE',  ( 57.53827115452872900, 21.31266457762189100, 5.000000000000000000 ) ) ;
#329 = CARTESIAN_POINT ( 'NONE',  ( 55.00225933401356600, 25.62497035356190600, 5.000000000000000900 ) ) ;
#330 = CARTESIAN_POINT ( 'NONE',  ( 56.78591591749884100, 20.90305838060767800, 5.000000000000000000 ) ) ;
#331 = CARTESIAN_POINT ( 'NONE',  ( 54.30467066516341400, 25.25999531507994800, 5.000000000000553300 ) ) ;
#332 = CARTESIAN_POINT ( 'NONE',  ( 56.40176099106266600, 20.71804265233545600, 5.000000000000000000 ) ) ;
#333 = CARTESIAN_POINT ( 'NONE',  ( 53.82409668213735900, 25.05702243437418600, 4.999999999999446700 ) ) ;
#334 = CARTESIAN_POINT ( 'NONE',  ( 53.82409668213306700, 25.05702243438857800, 0.0000000000000000000 ) ) ;
#335 = CARTESIAN_POINT ( 'NONE',  ( 53.57918192323899800, 24.96753581907743000, 5.000000000000000900 ) ) ;
#336 = CARTESIAN_POINT ( 'NONE',  ( 53.57918192321976400, 24.96753581913947800, 0.0000000000000000000 ) ) ;
#337 = CARTESIAN_POINT ( 'NONE',  ( 55.61776570791678900, 20.38691823302339800, 5.000000000000000000 ) ) ;
#338 = CARTESIAN_POINT ( 'NONE',  ( 53.07993128719883200, 24.81275701946799800, 5.000000000000000900 ) ) ;
#339 = CARTESIAN_POINT ( 'NONE',  ( 53.07993128721807400, 24.81275701940595000, 0.0000000000000000000 ) ) ;
#340 = CARTESIAN_POINT ( 'NONE',  ( 55.21792516063744200, 20.24081001466640100, 5.000000000000000000 ) ) ;
#341 = CARTESIAN_POINT ( 'NONE',  ( -77.25000000000004300, 15.00000000000008900, 5.000000000000000000 ) ) ;
#342 = DIRECTION ( 'NONE',  ( 1.000000000000000000, 0.0000000000000000000, 0.0000000000000000000 ) ) ;
#343 = DIRECTION ( 'NONE',  ( 0.0000000000000000000, 0.0000000000000000000, 1.000000000000000000 ) ) ;
#344 = CARTESIAN_POINT ( 'NONE',  ( 72.50000000000002800, 109.9999999999999900, -58.00000000000001400 ) ) ;
#345 = DIRECTION ( 'NONE',  ( -0.0000000000000000000, -0.0000000000000000000, 1.000000000000000000 ) ) ;
#346 = DIRECTION ( 'NONE',  ( 0.0000000000000000000, 0.1898237547074646800, -0.9818181818181819200 ) ) ;
#347 = DIRECTION ( 'NONE',  ( 0.0000000000000000000, -0.9818181818181819200, -0.1898237547074646800 ) ) ;
#348 = DIRECTION ( 'NONE',  ( 1.000000000000000000, 0.0000000000000000000, 0.0000000000000000000 ) ) ;
#349 = DIRECTION ( 'NONE',  ( 1.000000000000000000, 0.0000000000000000000, 0.0000000000000000000 ) ) ;
#350 = PLANE ( 'NONE',  #668 ) ;
#351 = CARTESIAN_POINT ( 'NONE',  ( -81.00000000000002800, 21.68925619834710600, 4.193379308537628500 ) ) ;
#352 = DIRECTION ( 'NONE',  ( -1.196361017915039200E-016, 0.0000000000000000000, -1.000000000000000000 ) ) ;
#353 = CARTESIAN_POINT ( 'NONE',  ( -51.00000000000001400, 102.7733711950120500, 48.35460521343080800 ) ) ;
#354 = CARTESIAN_POINT ( 'NONE',  ( -51.00000000000002100, 32.31818181818181300, 1.898237547074644400 ) ) ;
#355 = DIRECTION ( 'NONE',  ( 1.000000000000000000, 0.0000000000000000000, -1.196361017915039200E-016 ) ) ;
#356 = DIRECTION ( 'NONE',  ( 1.000000000000000000, 0.0000000000000000000, 0.0000000000000000000 ) ) ;
#357 = DIRECTION ( 'NONE',  ( -1.174608999407493000E-016, 0.1898237547074646800, -0.9818181818181818100 ) ) ;
#358 = DIRECTION ( 'NONE',  ( 0.0000000000000000000, 0.9818181818181817000, 0.1898237547074646800 ) ) ;
#359 = CARTESIAN_POINT ( 'NONE',  ( -50.99999999999953800, 200.2488586709062000, 4.999999999999999100 ) ) ;
#360 = CARTESIAN_POINT ( 'NONE',  ( -51.00000000000002800, 195.2488586709062300, 4.999999999999971600 ) ) ;
#361 = CARTESIAN_POINT ( 'NONE',  ( -51.00000000000002800, 195.2488586709062000, 0.0000000000000000000 ) ) ;
#362 = CARTESIAN_POINT ( 'NONE',  ( -51.89532865022457700, 200.2488586707198100, 4.999999999999999100 ) ) ;
#363 = CARTESIAN_POINT ( 'NONE',  ( -51.52742117641693700, 195.2488586704713500, 5.000000000038407500 ) ) ;
#364 = CARTESIAN_POINT ( 'NONE',  ( -51.52742117639481700, 195.2488586709062600, 0.0000000000000000000 ) ) ;
#365 = CARTESIAN_POINT ( 'NONE',  ( -52.79877925161799400, 200.1472773429354400, 5.000000000000000000 ) ) ;
#366 = CARTESIAN_POINT ( 'NONE',  ( -52.05296597563480500, 195.1898930591908100, 4.999999999999228200 ) ) ;
#367 = CARTESIAN_POINT ( 'NONE',  ( -52.05296597566457700, 195.1898930593227700, 0.0000000000000000000 ) ) ;
#368 = CARTESIAN_POINT ( 'NONE',  ( -54.53412188390248600, 199.7558800812681200, 5.000000000000000000 ) ) ;
#369 = CARTESIAN_POINT ( 'NONE',  ( -53.07975639099493700, 194.9583059650541900, 5.000000000000770900 ) ) ;
#370 = CARTESIAN_POINT ( 'NONE',  ( -53.07975639096517300, 194.9583059649222000, 0.0000000000000000000 ) ) ;
#371 = CARTESIAN_POINT ( 'NONE',  ( -55.37054041153885500, 199.4686594005573600, 5.000000000000000000 ) ) ;
#372 = CARTESIAN_POINT ( 'NONE',  ( -53.57511293758002300, 194.7885637431555500, 5.000000000011185700 ) ) ;
#373 = CARTESIAN_POINT ( 'NONE',  ( -53.57511293749601600, 194.7885637429627100, 0.0000000000000000000 ) ) ;
#374 = CARTESIAN_POINT ( 'NONE',  ( -56.57926614470154900, 198.9034067599377200, 5.000000000000000000 ) ) ;
#375 = CARTESIAN_POINT ( 'NONE',  ( -54.29989070588143100, 194.4496261856674600, 4.999999999994403600 ) ) ;
#376 = CARTESIAN_POINT ( 'NONE',  ( -54.29989070592344500, 194.4496261857638900, 0.0000000000000000000 ) ) ;
#377 = CARTESIAN_POINT ( 'NONE',  ( -54.53979119511620900, 194.3214941567289000, 4.999999999993997700 ) ) ;
#378 = CARTESIAN_POINT ( 'NONE',  ( -56.97694477794426100, 198.6908382943403500, 5.000000000000000900 ) ) ;
#379 = DIRECTION ( 'NONE',  ( -1.000000000000000000, 0.0000000000000000000, 0.0000000000000000000 ) ) ;
#380 = DIRECTION ( 'NONE',  ( 0.0000000000000000000, 0.0000000000000000000, 1.000000000000000000 ) ) ;
#381 = CARTESIAN_POINT ( 'NONE',  ( -51.00000000000002100, 19.53703703703703800, 0.0000000000000000000 ) ) ;
#382 = CARTESIAN_POINT ( 'NONE',  ( -51.00000000000002100, 19.53703703703703800, 5.000000000000000000 ) ) ;
#383 = CARTESIAN_POINT ( 'NONE',  ( -75.25000000000002800, 109.9999999999999900, 0.0000000000000000000 ) ) ;
#384 = CARTESIAN_POINT ( 'NONE',  ( -61.00000000000002800, 186.1162899133372500, 0.0000000000000000000 ) ) ;
#385 = CARTESIAN_POINT ( 'NONE',  ( 81.00000000000000000, 15.00000000000009100, 3.000000000000000000 ) ) ;
#386 = CARTESIAN_POINT ( 'NONE',  ( -75.25000000000002800, 109.9999999999999900, 2.999999999999995600 ) ) ;
#387 = CARTESIAN_POINT ( 'NONE',  ( -64.00000000000002800, 32.68518518518518300, -4.814824860968089600E-031 ) ) ;
#388 = DIRECTION ( 'NONE',  ( 0.0000000000000000000, 0.0000000000000000000, -1.000000000000000000 ) ) ;
#389 = DIRECTION ( 'NONE',  ( 0.0000000000000000000, -1.000000000000000000, 0.0000000000000000000 ) ) ;
#390 = CARTESIAN_POINT ( 'NONE',  ( 54.00000000000000700, 85.00000000000000000, -34.49999999999998600 ) ) ;
#391 = CARTESIAN_POINT ( 'NONE',  ( 51.00000000000000700, 19.53703703703703100, 0.0000000000000000000 ) ) ;
#392 = CARTESIAN_POINT ( 'NONE',  ( -51.00000000000002100, 22.50000000000000400, 0.0000000000000000000 ) ) ;
#393 = CARTESIAN_POINT ( 'NONE',  ( 65.99999999999988600, -1.387778780781445700E-014, 0.0000000000000000000 ) ) ;
#394 = CARTESIAN_POINT ( 'NONE',  ( -81.00000000000000000, 15.00000000000008900, 3.000000000000000000 ) ) ;
#395 = DIRECTION ( 'NONE',  ( -6.938893903907222100E-015, -1.000000000000000000, 0.0000000000000000000 ) ) ;
#396 = CARTESIAN_POINT ( 'NONE',  ( 59.00000000000000700, 85.00000000000000000, -0.5000000000000073300 ) ) ;
#397 = DIRECTION ( 'NONE',  ( -1.000000000000000000, 6.938893903907221300E-015, 0.0000000000000000000 ) ) ;
#398 = CARTESIAN_POINT ( 'NONE',  ( -65.99999999999992900, 217.9999999999999700, 3.000000000000000000 ) ) ;
#399 = DIRECTION ( 'NONE',  ( 0.0000000000000000000, 0.0000000000000000000, -1.000000000000000000 ) ) ;
#400 = CARTESIAN_POINT ( 'NONE',  ( 79.00000000000000000, 15.00000000000009100, 3.000000000000000000 ) ) ;
#401 = DIRECTION ( 'NONE',  ( 0.0000000000000000000, -1.000000000000000000, 0.0000000000000000000 ) ) ;
#402 = DIRECTION ( 'NONE',  ( 0.0000000000000000000, 0.0000000000000000000, -1.000000000000000000 ) ) ;
#403 = DIRECTION ( 'NONE',  ( 0.0000000000000000000, -1.000000000000000000, 0.0000000000000000000 ) ) ;
#404 = CARTESIAN_POINT ( 'NONE',  ( -79.00000000000004300, 204.9999999999998900, 3.000000000000000000 ) ) ;
#405 = DIRECTION ( 'NONE',  ( -6.938893903907228400E-015, -1.000000000000000000, 0.0000000000000000000 ) ) ;
#406 = DIRECTION ( 'NONE',  ( -1.000000000000000000, 6.938893903907228400E-015, 0.0000000000000000000 ) ) ;
#407 = CARTESIAN_POINT ( 'NONE',  ( 65.99999999999990100, 1.999999999999986200, 3.000000000000000000 ) ) ;
#408 = DIRECTION ( 'NONE',  ( 1.000000000000000000, -6.938893903907222100E-015, 0.0000000000000000000 ) ) ;
#409 = DIRECTION ( 'NONE',  ( -6.938893903907221300E-015, -1.000000000000000000, 0.0000000000000000000 ) ) ;
#410 = CARTESIAN_POINT ( 'NONE',  ( -79.00000000000000000, 15.00000000000007600, 3.000000000000000000 ) ) ;
#411 = DIRECTION ( 'NONE',  ( -6.938893903907228400E-015, 0.0000000000000000000, 1.000000000000000000 ) ) ;
#412 = DIRECTION ( 'NONE',  ( -1.000000000000000000, -0.0000000000000000000, -6.938893903907228400E-015 ) ) ;
#413 = CARTESIAN_POINT ( 'NONE',  ( -65.99999999999988600, 1.999999999999986200, 3.000000000000000000 ) ) ;
#414 = DIRECTION ( 'NONE',  ( 0.0000000000000000000, 0.0000000000000000000, -1.000000000000000000 ) ) ;
#415 = DIRECTION ( 'NONE',  ( 0.0000000000000000000, -1.000000000000000000, 0.0000000000000000000 ) ) ;
#416 = CARTESIAN_POINT ( 'NONE',  ( 64.00000000000000000, 32.68518518518519000, 0.0000000000000000000 ) ) ;
#417 = DIRECTION ( 'NONE',  ( 9.853229343548264300E-014, 0.0000000000000000000, 1.000000000000000000 ) ) ;
#418 = DIRECTION ( 'NONE',  ( -1.000000000000000000, 0.0000000000000000000, 9.853229343548264300E-014 ) ) ;
#419 = CARTESIAN_POINT ( 'NONE',  ( -51.00000000000002800, 200.2488586709062000, 0.0000000000000000000 ) ) ;
#420 = DIRECTION ( 'NONE',  ( 0.0000000000000000000, -2.220446049250313100E-014, -1.000000000000000000 ) ) ;
#421 = DIRECTION ( 'NONE',  ( 2.220446049250311200E-014, -1.000000000000000000, 2.220446049250313100E-014 ) ) ;
#422 = CARTESIAN_POINT ( 'NONE',  ( -64.00000000000002800, 186.1162899133371400, 2.691812290308834300E-016 ) ) ;
#423 = DIRECTION ( 'NONE',  ( -1.000000000000000000, 0.0000000000000000000, 0.0000000000000000000 ) ) ;
#424 = DIRECTION ( 'NONE',  ( 0.0000000000000000000, 0.0000000000000000000, 1.000000000000000000 ) ) ;
#425 = CARTESIAN_POINT ( 'NONE',  ( -65.99999999999992900, 217.9999999999999700, 5.000000000000000000 ) ) ;
#426 = CARTESIAN_POINT ( 'NONE',  ( -58.79547528280529900, 188.2095279248515000, 4.999999999999995600 ) ) ;
#427 = CARTESIAN_POINT ( 'NONE',  ( -58.79547528280720300, 188.2095279248518400, 0.0000000000000000000 ) ) ;
#428 = CARTESIAN_POINT ( 'NONE',  ( -63.92387402955088000, 187.8966200339932000, 5.000000000000000000 ) ) ;
#429 = CARTESIAN_POINT ( 'NONE',  ( -58.94799717292819700, 187.3278757512076700, 4.999999999999995600 ) ) ;
#430 = CARTESIAN_POINT ( 'NONE',  ( -58.94799717292436000, 187.3278757512070200, 0.0000000000000000000 ) ) ;
#431 = CARTESIAN_POINT ( 'NONE',  ( -63.99999999975120300, 187.0127929902612600, 5.000000000000000000 ) ) ;
#432 = CARTESIAN_POINT ( 'NONE',  ( -59.00000000000004300, 186.7273846029542000, 0.0000000000000000000 ) ) ;
#433 = CARTESIAN_POINT ( 'NONE',  ( -64.00000000000002800, 186.1162899133371400, 5.000000000000000000 ) ) ;
#434 = CARTESIAN_POINT ( 'NONE',  ( -58.99999999959974400, 186.7273846029536900, 5.000000000000000900 ) ) ;
#435 = CARTESIAN_POINT ( 'NONE',  ( 51.00000000000000700, 36.93902600667860300, -22.00197898065488600 ) ) ;
#436 = DIRECTION ( 'NONE',  ( 0.0000000000000000000, 1.000000000000000000, 0.0000000000000000000 ) ) ;
#437 = CARTESIAN_POINT ( 'NONE',  ( -59.00000000000002800, 186.1162899133372500, 0.0000000000000000000 ) ) ;
#438 = CARTESIAN_POINT ( 'NONE',  ( -72.50000000000002800, 109.9999999999999900, -58.00000000000001400 ) ) ;
#439 = CARTESIAN_POINT ( 'NONE',  ( -59.00000000000002800, 186.1162899133372500, 5.000000000000000900 ) ) ;
#440 = DIRECTION ( 'NONE',  ( 0.0000000000000000000, 0.0000000000000000000, 1.000000000000000000 ) ) ;
#441 = DIRECTION ( 'NONE',  ( -0.0000000000000000000, -0.0000000000000000000, 1.000000000000000000 ) ) ;
#442 = DIRECTION ( 'NONE',  ( 1.000000000000000000, 0.0000000000000000000, 0.0000000000000000000 ) ) ;
#443 = DIRECTION ( 'NONE',  ( -1.196361017915039200E-016, 0.0000000000000000000, -1.000000000000000000 ) ) ;
#444 = CARTESIAN_POINT ( 'NONE',  ( 54.00000000000000700, 85.00000000000000000, -20.00000000000000000 ) ) ;
#445 = DIRECTION ( 'NONE',  ( -1.000000000000000000, 0.0000000000000000000, 0.0000000000000000000 ) ) ;
#446 = DIRECTION ( 'NONE',  ( 1.000000000000000000, 0.0000000000000000000, 0.0000000000000000000 ) ) ;
#447 = CARTESIAN_POINT ( 'NONE',  ( -54.00000000000003600, 85.00000000000000000, -20.00000000000000000 ) ) ;
#448 = DIRECTION ( 'NONE',  ( 1.000000000000000000, 0.0000000000000000000, -1.196361017915039200E-016 ) ) ;
#449 = CARTESIAN_POINT ( 'NONE',  ( -51.00000000000002100, 36.93902600667860300, -22.00197898065489700 ) ) ;
#450 = CARTESIAN_POINT ( 'NONE',  ( -81.00000000000002800, 85.00000000000000000, -20.00000000000000000 ) ) ;
#451 = DIRECTION ( 'NONE',  ( 0.0000000000000000000, 1.000000000000000000, 0.0000000000000000000 ) ) ;
#452 = DIRECTION ( 'NONE',  ( 1.000000000000000000, -0.0000000000000000000, -0.0000000000000000000 ) ) ;
#453 = CARTESIAN_POINT ( 'NONE',  ( -72.50000000000002800, 109.9999999999999900, -58.00000000000001400 ) ) ;
#454 = DIRECTION ( 'NONE',  ( 0.0000000000000000000, 0.0000000000000000000, -1.000000000000000000 ) ) ;
#455 = CARTESIAN_POINT ( 'NONE',  ( 51.00000000000009200, 19.53703703703703100, 5.000000000000000000 ) ) ;
#456 = CARTESIAN_POINT ( 'NONE',  ( 51.00000000000005700, 24.53703703703702700, 5.000000000000000900 ) ) ;
#457 = CARTESIAN_POINT ( 'NONE',  ( 51.00000000000005700, 24.53703703703703100, 0.0000000000000000000 ) ) ;
#458 = CARTESIAN_POINT ( 'NONE',  ( 51.86345188924733000, 19.53703703759423100, 5.000000000000000000 ) ) ;
#459 = CARTESIAN_POINT ( 'NONE',  ( 51.52759541186117100, 24.53703703737853900, 4.999999999999625200 ) ) ;
#460 = CARTESIAN_POINT ( 'NONE',  ( 51.52759541188207500, 24.53703703703703500, 0.0000000000000000000 ) ) ;
#461 = CARTESIAN_POINT ( 'NONE',  ( 52.04962314294834200, 24.58965638040458400, 4.999999999998878200 ) ) ;
#462 = CARTESIAN_POINT ( 'NONE',  ( 52.71777825460017700, 19.62318792756059300, 5.000000000000000000 ) ) ;
#463 = DIRECTION ( 'NONE',  ( 1.000000000000000000, 0.0000000000000000000, 0.0000000000000000000 ) ) ;
#464 = CARTESIAN_POINT ( 'NONE',  ( -77.25000000000007100, 109.9999999999999900, 5.000000000000000000 ) ) ;
#465 = CARTESIAN_POINT ( 'NONE',  ( 77.25000000000004300, 15.00000000000008900, 5.000000000000000000 ) ) ;
#466 = DIRECTION ( 'NONE',  ( 1.000000000000000000, 0.0000000000000000000, 0.0000000000000000000 ) ) ;
#467 = CARTESIAN_POINT ( 'NONE',  ( 61.00000000000068200, 186.1162899133373100, 0.0000000000000000000 ) ) ;
#468 = CARTESIAN_POINT ( 'NONE',  ( 61.00000000000000700, 102.7733711950120500, 48.35460521343080800 ) ) ;
#469 = CARTESIAN_POINT ( 'NONE',  ( -54.00000000000003600, 85.00000000000000000, -5.500000000000008000 ) ) ;
#470 = CARTESIAN_POINT ( 'NONE',  ( -54.53979119517151000, 194.3214941568229200, 0.0000000000000000000 ) ) ;
#471 = CARTESIAN_POINT ( 'NONE',  ( 65.99999999999985800, 217.9999999999999700, 3.000000000000000000 ) ) ;
#472 = DIRECTION ( 'NONE',  ( -1.000000000000000000, 0.0000000000000000000, 0.0000000000000000000 ) ) ;
#473 = DIRECTION ( 'NONE',  ( 0.0000000000000000000, 0.0000000000000000000, 1.000000000000000000 ) ) ;
#474 = DIRECTION ( 'NONE',  ( 0.0000000000000000000, 0.0000000000000000000, -1.000000000000000000 ) ) ;
#475 = DIRECTION ( 'NONE',  ( 0.0000000000000000000, 0.0000000000000000000, 1.000000000000000000 ) ) ;
#476 = DIRECTION ( 'NONE',  ( 1.000000000000000000, 0.0000000000000000000, 0.0000000000000000000 ) ) ;
#477 = CARTESIAN_POINT ( 'NONE',  ( 78.99999999999998600, 204.9999999999998900, 3.000000000000000000 ) ) ;
#478 = DIRECTION ( 'NONE',  ( 0.0000000000000000000, -1.000000000000000000, 0.0000000000000000000 ) ) ;
#479 = CARTESIAN_POINT ( 'NONE',  ( 72.50000000000001400, 15.00000000000008900, 2.999999999999995600 ) ) ;
#480 = CARTESIAN_POINT ( 'NONE',  ( 72.50000000000002800, 109.9999999999999900, 2.999999999999995600 ) ) ;
#481 = CARTESIAN_POINT ( 'NONE',  ( 75.24999999999995700, 204.9999999999999700, 2.999999999999995600 ) ) ;
#482 = DIRECTION ( 'NONE',  ( 0.0000000000000000000, 0.0000000000000000000, 1.000000000000000000 ) ) ;
#483 = CARTESIAN_POINT ( 'NONE',  ( -75.25000000000001400, 15.00000000000008900, 0.0000000000000000000 ) ) ;
#484 = DIRECTION ( 'NONE',  ( 1.000000000000000000, 0.0000000000000000000, 0.0000000000000000000 ) ) ;
#485 = CARTESIAN_POINT ( 'NONE',  ( 75.25000000000002800, 109.9999999999999900, 2.999999999999995600 ) ) ;
#486 = DIRECTION ( 'NONE',  ( 0.0000000000000000000, 0.0000000000000000000, 1.000000000000000000 ) ) ;
#487 = CARTESIAN_POINT ( 'NONE',  ( 72.49999999999995700, 204.9999999999999700, 2.999999999999995600 ) ) ;
#488 = DIRECTION ( 'NONE',  ( 1.000000000000000000, 0.0000000000000000000, 0.0000000000000000000 ) ) ;
#489 = CARTESIAN_POINT ( 'NONE',  ( 67.74999999999997200, 15.00000000000008900, 5.000000000000000000 ) ) ;
#490 = CARTESIAN_POINT ( 'NONE',  ( 51.00000000000000700, 19.53703703703703800, 5.000000000000000000 ) ) ;
#491 = CARTESIAN_POINT ( 'NONE',  ( -69.75000000000001400, 109.9999999999999900, 0.0000000000000000000 ) ) ;
#492 = DIRECTION ( 'NONE',  ( 0.0000000000000000000, 0.0000000000000000000, 1.000000000000000000 ) ) ;
#493 = CARTESIAN_POINT ( 'NONE',  ( -72.50000000000002800, 109.9999999999999900, 2.999999999999995600 ) ) ;
#494 = DIRECTION ( 'NONE',  ( 1.000000000000000000, 0.0000000000000000000, 0.0000000000000000000 ) ) ;
#495 = CARTESIAN_POINT ( 'NONE',  ( -57.74110571665607200, 198.2286809171220100, 5.000000000000000900 ) ) ;
#496 = CARTESIAN_POINT ( 'NONE',  ( -55.00319202410211300, 194.0412336762276800, 5.000000000006004100 ) ) ;
#497 = CARTESIAN_POINT ( 'NONE',  ( -55.00319202404681100, 194.0412336761336900, 0.0000000000000000000 ) ) ;
#498 = CARTESIAN_POINT ( 'NONE',  ( -58.10795324683337500, 197.9793089964543100, 5.000000000000000000 ) ) ;
#499 = CARTESIAN_POINT ( 'NONE',  ( -55.22707566119986900, 193.8891510039035200, 5.000000000005967700 ) ) ;
#500 = CARTESIAN_POINT ( 'NONE',  ( -59.16540248673764100, 197.1794424439687000, 5.000000000000000000 ) ) ;
#501 = CARTESIAN_POINT ( 'NONE',  ( -55.87814565860727400, 193.3966743018578100, 4.999999999988141900 ) ) ;
#502 = CARTESIAN_POINT ( 'NONE',  ( -55.22707566122394200, 193.8891510039333100, 0.0000000000000000000 ) ) ;
#503 = CARTESIAN_POINT ( 'NONE',  ( -55.87814565855914100, 193.3966743017982400, 0.0000000000000000000 ) ) ;
#504 = CARTESIAN_POINT ( 'NONE',  ( -59.81303208842334800, 196.5773426202739200, 4.999999999999999100 ) ) ;
#505 = CARTESIAN_POINT ( 'NONE',  ( -56.27977634043062200, 193.0242442759909200, 4.999999999997673900 ) ) ;
#506 = CARTESIAN_POINT ( 'NONE',  ( -60.69926401786010200, 195.5718612524069600, 4.999999999999999100 ) ) ;
#507 = CARTESIAN_POINT ( 'NONE',  ( -56.83945062206195300, 192.3892614413505800, 5.000000000001160800 ) ) ;
#508 = CARTESIAN_POINT ( 'NONE',  ( -56.27977634023445600, 193.0242442758180100, 0.0000000000000000000 ) ) ;
#509 = CARTESIAN_POINT ( 'NONE',  ( -56.83945062216004400, 192.3892614414370100, 0.0000000000000000000 ) ) ;
#510 = CARTESIAN_POINT ( 'NONE',  ( -60.97967066403477800, 195.2200560609999800, 5.000000000000000000 ) ) ;
#511 = CARTESIAN_POINT ( 'NONE',  ( -57.01812767687346200, 192.1652581177698100, 4.999999999998843600 ) ) ;
#512 = CARTESIAN_POINT ( 'NONE',  ( -57.01812767693643700, 192.1652581178152300, 0.0000000000000000000 ) ) ;
#513 = CARTESIAN_POINT ( 'NONE',  ( -61.49947825142491100, 194.4994039065074100, 5.000000000000000000 ) ) ;
#514 = CARTESIAN_POINT ( 'NONE',  ( -57.35068666214725400, 191.7042041524543900, 5.000000000001156400 ) ) ;
#515 = CARTESIAN_POINT ( 'NONE',  ( -57.35068666208427100, 191.7042041524090100, 0.0000000000000000000 ) ) ;
#516 = CARTESIAN_POINT ( 'NONE',  ( -61.74066949929995500, 194.1285740932064500, 5.000000000000000000 ) ) ;
#517 = CARTESIAN_POINT ( 'NONE',  ( -57.50611896329046100, 191.4653958379709900, 5.000000000000191000 ) ) ;
#518 = CARTESIAN_POINT ( 'NONE',  ( -57.50611896329731800, 191.4653958379750000, 0.0000000000000000000 ) ) ;
#519 = CARTESIAN_POINT ( 'NONE',  ( -62.41080444241377000, 192.9860883571362000, 5.000000000000000000 ) ) ;
#520 = CARTESIAN_POINT ( 'NONE',  ( -57.94142225620294800, 190.7232650056913900, 4.999999999999616300 ) ) ;
#521 = CARTESIAN_POINT ( 'NONE',  ( -57.94142225618924900, 190.7232650056833400, 0.0000000000000000000 ) ) ;
#522 = CARTESIAN_POINT ( 'NONE',  ( -62.78646925974663900, 192.1845259071514500, 5.000000000000000900 ) ) ;
#523 = CARTESIAN_POINT ( 'NONE',  ( -58.18756831119128500, 190.1994743104410200, 4.999999999991462800 ) ) ;
#524 = CARTESIAN_POINT ( 'NONE',  ( -58.18756831096793300, 190.1994743103871900, 0.0000000000000000000 ) ) ;
#525 = CARTESIAN_POINT ( 'NONE',  ( -63.24351743789495800, 190.9224301958156500, 5.000000000000000900 ) ) ;
#526 = CARTESIAN_POINT ( 'NONE',  ( -58.49112158691298200, 189.3612403864882200, 5.000000000004270400 ) ) ;
#527 = CARTESIAN_POINT ( 'NONE',  ( -58.49112158702466500, 189.3612403865151100, 0.0000000000000000000 ) ) ;
#528 = CARTESIAN_POINT ( 'NONE',  ( -63.37683842765159900, 190.4948044118690400, 5.000000000000000000 ) ) ;
#529 = CARTESIAN_POINT ( 'NONE',  ( -58.58012870616988700, 189.0759760930517900, 5.000000000000007100 ) ) ;
#530 = CARTESIAN_POINT ( 'NONE',  ( -58.58012870622813800, 189.0759760930671700, 0.0000000000000000000 ) ) ;
#531 = CARTESIAN_POINT ( 'NONE',  ( -63.60366801865985300, 189.6361744574434500, 5.000000000000000000 ) ) ;
#532 = CARTESIAN_POINT ( 'NONE',  ( -58.73205979469097600, 188.5008633701831400, 5.000000000000007100 ) ) ;
#533 = CARTESIAN_POINT ( 'NONE',  ( -58.73205979463274000, 188.5008633701677100, 0.0000000000000000000 ) ) ;
#534 = CARTESIAN_POINT ( 'NONE',  ( -63.69776669840023000, 189.2036325545565500, 5.000000000000000000 ) ) ;
#535 = DIRECTION ( 'NONE',  ( 0.0000000000000000000, 1.728339328721160500E-015, 1.000000000000000000 ) ) ;
#536 = DIRECTION ( 'NONE',  ( 1.000000000000000000, -0.0000000000000000000, -0.0000000000000000000 ) ) ;
#537 = DIRECTION ( 'NONE',  ( 0.0000000000000000000, 0.0000000000000000000, 1.000000000000000000 ) ) ;
#538 = CARTESIAN_POINT ( 'NONE',  ( 51.00000000000000700, 102.7733711950120500, 48.35460521343080800 ) ) ;
#539 = DIRECTION ( 'NONE',  ( -1.000000000000000000, 0.0000000000000000000, 0.0000000000000000000 ) ) ;
#540 = DIRECTION ( 'NONE',  ( 0.0000000000000000000, 0.0000000000000000000, 1.000000000000000000 ) ) ;
#541 = CARTESIAN_POINT ( 'NONE',  ( -61.00000000000002800, 32.31818181818181300, 1.898237547074647800 ) ) ;
#542 = CARTESIAN_POINT ( 'NONE',  ( -72.50000000000001400, 15.00000000000008900, 2.999999999999995600 ) ) ;
#543 = DIRECTION ( 'NONE',  ( 1.174608999407493200E-016, -0.1898237547074646800, 0.9818181818181819200 ) ) ;
#544 = DIRECTION ( 'NONE',  ( 1.000000000000000000, 0.0000000000000000000, 0.0000000000000000000 ) ) ;
#545 = DIRECTION ( 'NONE',  ( 0.0000000000000000000, 0.0000000000000000000, 1.000000000000000000 ) ) ;
#546 = CARTESIAN_POINT ( 'NONE',  ( -72.50000000000007100, 204.9999999999998900, 2.999999999999995600 ) ) ;
#547 = CARTESIAN_POINT ( 'NONE',  ( -51.00000000000002100, 27.72015325445528000, -27.00000000000000000 ) ) ;
#548 = DIRECTION ( 'NONE',  ( -1.174608999407493200E-016, 0.1898237547074646800, -0.9818181818181819200 ) ) ;
#549 = DIRECTION ( 'NONE',  ( -1.440282773934300500E-016, -8.641696643605802700E-016, -1.000000000000000000 ) ) ;
#550 = DIRECTION ( 'NONE',  ( -1.000000000000000000, -0.0000000000000000000, 1.196361017915039200E-016 ) ) ;
#551 = DIRECTION ( 'NONE',  ( -1.304860074461723800E-016, 0.0000000000000000000, -1.000000000000000000 ) ) ;
#552 = CARTESIAN_POINT ( 'NONE',  ( -61.00000000000002100, 102.7733711950120500, 48.35460521343080800 ) ) ;
#553 = DIRECTION ( 'NONE',  ( 1.000000000000000000, 0.0000000000000000000, -1.196361017915039200E-016 ) ) ;
#554 = CARTESIAN_POINT ( 'NONE',  ( -51.00000000000001400, 102.7733711950120500, 48.35460521343080800 ) ) ;
#555 = CARTESIAN_POINT ( 'NONE',  ( 72.50000000000002800, 109.9999999999999900, 0.0000000000000000000 ) ) ;
#556 = DIRECTION ( 'NONE',  ( 0.0000000000000000000, 0.0000000000000000000, 1.000000000000000000 ) ) ;
#557 = CARTESIAN_POINT ( 'NONE',  ( -56.78805734679041000, 20.88037602232602200, 5.000000000000000900 ) ) ;
#558 = CARTESIAN_POINT ( 'NONE',  ( -52.71192348786082200, 19.62314235722779900, 4.999999999999998200 ) ) ;
#559 = DIRECTION ( 'NONE',  ( -0.0000000000000000000, -1.000000000000000000, -0.0000000000000000000 ) ) ;
#560 = CARTESIAN_POINT ( 'NONE',  ( -66.00000000000000000, 14.99999999999998800, 5.000000000000000000 ) ) ;
#561 = DIRECTION ( 'NONE',  ( 1.000000000000000000, 0.0000000000000000000, 0.0000000000000000000 ) ) ;
#562 = CARTESIAN_POINT ( 'NONE',  ( 62.30143202026098900, 26.13084191890110100, 5.000000000000000000 ) ) ;
#563 = CARTESIAN_POINT ( 'NONE',  ( 61.36560433558106100, 24.70386644188748400, 5.000000000000000900 ) ) ;
#564 = CARTESIAN_POINT ( 'NONE',  ( -63.92387402964694600, 187.8966200336872400, 4.999999999999999100 ) ) ;
#565 = CARTESIAN_POINT ( 'NONE',  ( -61.00000000000002800, 85.00000000000000000, -20.00000000000000000 ) ) ;
#566 = CARTESIAN_POINT ( 'NONE',  ( 61.00000000000001400, 85.00000000000000000, -20.00000000000000000 ) ) ;
#567 = CARTESIAN_POINT ( 'NONE',  ( -51.86331029016832200, 19.53703703703703100, 4.999999999999999100 ) ) ;
#568 = CARTESIAN_POINT ( 'NONE',  ( -57.53586293583497700, 21.28687138366275600, 5.000000000000000000 ) ) ;
#569 = DIRECTION ( 'NONE',  ( 0.0000000000000000000, -0.6832506349074515300, -0.7301839288142161200 ) ) ;
#570 = DIRECTION ( 'NONE',  ( 1.000000000000000000, -0.0000000000000000000, -0.0000000000000000000 ) ) ;
#571 = CARTESIAN_POINT ( 'NONE',  ( 60.81954136248079800, 24.02612727233535500, 5.000000000000000900 ) ) ;
#572 = DIRECTION ( 'NONE',  ( 1.000000000000000000, 0.0000000000000000000, 0.0000000000000000000 ) ) ;
#573 = DIRECTION ( 'NONE',  ( 0.0000000000000000000, 0.0000000000000000000, -1.000000000000000000 ) ) ;
#574 = AXIS2_PLACEMENT_3D ( 'NONE', #1384, #1385, #1386 ) ;
#575 = DIRECTION ( 'NONE',  ( 0.0000000000000000000, 0.0000000000000000000, 1.000000000000000000 ) ) ;
#577 = CARTESIAN_POINT ( 'NONE',  ( 66.00000000000000000, 14.99999999999998600, 5.000000000000000000 ) ) ;
#576 = AXIS2_PLACEMENT_3D ( 'NONE', #1387, #1388, #1389 ) ;
#578 = AXIS2_PLACEMENT_3D ( 'NONE', #1391, #1392, #1393 ) ;
#579 = AXIS2_PLACEMENT_3D ( 'NONE', #1395, #1396, #1397 ) ;
#580 = AXIS2_PLACEMENT_3D ( 'NONE', #1398, #1399, #1400 ) ;
#581 = AXIS2_PLACEMENT_3D ( 'NONE', #1401, #1402, #1403 ) ;
#582 = AXIS2_PLACEMENT_3D ( 'NONE', #1404, #1405, #1406 ) ;
#583 = AXIS2_PLACEMENT_3D ( 'NONE', #1409, #1410, #1411 ) ;
#584 = AXIS2_PLACEMENT_3D ( 'NONE', #1413, #1414, #1415 ) ;
#585 = AXIS2_PLACEMENT_3D ( 'NONE', #1419, #1420, #1421 ) ;
#586 = AXIS2_PLACEMENT_3D ( 'NONE', #1422, #1423, #1424 ) ;
#587 = AXIS2_PLACEMENT_3D ( 'NONE', #1427, #1428, #1429 ) ;
#588 = AXIS2_PLACEMENT_3D ( 'NONE', #1430, #1431, #1432 ) ;
#589 = AXIS2_PLACEMENT_3D ( 'NONE', #1434, #1435, #1436 ) ;
#590 = AXIS2_PLACEMENT_3D ( 'NONE', #1438, #1439, #1440 ) ;
#591 = CARTESIAN_POINT ( 'NONE',  ( -60.69926401785300400, 195.5718612524613600, 4.999999999999999100 ) ) ;
#592 = AXIS2_PLACEMENT_3D ( 'NONE', #1443, #1444, #1445 ) ;
#593 = AXIS2_PLACEMENT_3D ( 'NONE', #1458, #1459, #1460 ) ;
#594 = AXIS2_PLACEMENT_3D ( 'NONE', #1473, #1474, #1475 ) ;
#595 = AXIS2_PLACEMENT_3D ( 'NONE', #1500, #1501, #1502 ) ;
#596 = AXIS2_PLACEMENT_3D ( 'NONE', #1505, #1506, #1507 ) ;
#597 = AXIS2_PLACEMENT_3D ( 'NONE', #1512, #1513, #1514 ) ;
#598 = AXIS2_PLACEMENT_3D ( 'NONE', #1519, #1520, #1521 ) ;
#600 = CARTESIAN_POINT ( 'NONE',  ( 64.00000000000000000, 0.0000000000000000000, 5.000000000000000000 ) ) ;
#599 = AXIS2_PLACEMENT_3D ( 'NONE', #1522, #1523, #1524 ) ;
#601 = AXIS2_PLACEMENT_3D ( 'NONE', #1525, #1526, #1527 ) ;
#602 = CARTESIAN_POINT ( 'NONE',  ( -63.66831991088839300, 29.70281188933081800, 5.000000000000000000 ) ) ;
#603 = AXIS2_PLACEMENT_3D ( 'NONE', #1528, #1529, #1530 ) ;
#604 = AXIS2_PLACEMENT_3D ( 'NONE', #1531, #1532, #1533 ) ;
#605 = AXIS2_PLACEMENT_3D ( 'NONE', #468, #536, #535 ) ;
#606 = AXIS2_PLACEMENT_3D ( 'NONE', #538, #539, #540 ) ;
#607 = AXIS2_PLACEMENT_3D ( 'NONE', #554, #553, #551 ) ;
#608 = AXIS2_PLACEMENT_3D ( 'NONE', #552, #550, #549 ) ;
#609 = AXIS2_PLACEMENT_3D ( 'NONE', #546, #545, #544 ) ;
#610 = AXIS2_PLACEMENT_3D ( 'NONE', #542, #537, #494 ) ;
#611 = AXIS2_PLACEMENT_3D ( 'NONE', #381, #379, #380 ) ;
#612 = AXIS2_PLACEMENT_3D ( 'NONE', #387, #389, #388 ) ;
#613 = AXIS2_PLACEMENT_3D ( 'NONE', #391, #423, #424 ) ;
#614 = AXIS2_PLACEMENT_3D ( 'NONE', #422, #421, #420 ) ;
#615 = AXIS2_PLACEMENT_3D ( 'NONE', #419, #418, #417 ) ;
#616 = AXIS2_PLACEMENT_3D ( 'NONE', #416, #415, #414 ) ;
#617 = AXIS2_PLACEMENT_3D ( 'NONE', #413, #412, #411 ) ;
#618 = AXIS2_PLACEMENT_3D ( 'NONE', #410, #409, #408 ) ;
#619 = AXIS2_PLACEMENT_3D ( 'NONE', #407, #406, #405 ) ;
#620 = AXIS2_PLACEMENT_3D ( 'NONE', #404, #403, #402 ) ;
#621 = DIRECTION ( 'NONE',  ( -5.495565302207052700E-016, -0.1898237547074646800, 0.9818181818181819200 ) ) ;
#622 = AXIS2_PLACEMENT_3D ( 'NONE', #400, #401, #399 ) ;
#623 = CARTESIAN_POINT ( 'NONE',  ( -72.50000000000007100, 204.9999999999998900, 5.000000000000000000 ) ) ;
#625 = CARTESIAN_POINT ( 'NONE',  ( 63.32576414264038100, 28.48372505466489800, 5.000000000000002700 ) ) ;
#624 = AXIS2_PLACEMENT_3D ( 'NONE', #398, #397, #395 ) ;
#626 = AXIS2_PLACEMENT_3D ( 'NONE', #471, #472, #473 ) ;
#627 = AXIS2_PLACEMENT_3D ( 'NONE', #477, #478, #474 ) ;
#629 = CARTESIAN_POINT ( 'NONE',  ( -54.37744686635825500, 19.98109030753110800, 5.000000000000000000 ) ) ;
#628 = AXIS2_PLACEMENT_3D ( 'NONE', #479, #475, #476 ) ;
#630 = CARTESIAN_POINT ( 'NONE',  ( -59.81303208843725400, 196.5773426201655000, 5.000000000000000900 ) ) ;
#631 = AXIS2_PLACEMENT_3D ( 'NONE', #480, #482, #484 ) ;
#632 = CARTESIAN_POINT ( 'NONE',  ( -58.59660615972607900, 22.00664873839248200, 5.000000000000000000 ) ) ;
#633 = AXIS2_PLACEMENT_3D ( 'NONE', #487, #486, #488 ) ;
#635 = CARTESIAN_POINT ( 'NONE',  ( 51.00000000000000700, 36.93902600667860300, -22.00197898065487600 ) ) ;
#634 = AXIS2_PLACEMENT_3D ( 'NONE', #493, #492, #466 ) ;
#636 = AXIS2_PLACEMENT_3D ( 'NONE', #38, #40, #35 ) ;
#637 = AXIS2_PLACEMENT_3D ( 'NONE', #54, #56, #53 ) ;
#638 = AXIS2_PLACEMENT_3D ( 'NONE', #51, #55, #57 ) ;
#639 = CARTESIAN_POINT ( 'NONE',  ( -59.91645200993830400, 23.10732880340955100, 5.000000000000000000 ) ) ;
#640 = AXIS2_PLACEMENT_3D ( 'NONE', #48, #50, #52 ) ;
#641 = AXIS2_PLACEMENT_3D ( 'NONE', #45, #47, #49 ) ;
#642 = CARTESIAN_POINT ( 'NONE',  ( -60.81286518449312700, 24.01846757239470900, 4.999999999999999100 ) ) ;
#643 = AXIS2_PLACEMENT_3D ( 'NONE', #42, #44, #46 ) ;
#644 = AXIS2_PLACEMENT_3D ( 'NONE', #39, #41, #43 ) ;
#645 = AXIS2_PLACEMENT_3D ( 'NONE', #29, #31, #26 ) ;
#646 = AXIS2_PLACEMENT_3D ( 'NONE', #33, #36, #37 ) ;
#647 = AXIS2_PLACEMENT_3D ( 'NONE', #30, #32, #34 ) ;
#648 = AXIS2_PLACEMENT_3D ( 'NONE', #24, #27, #28 ) ;
#649 = AXIS2_PLACEMENT_3D ( 'NONE', #21, #23, #25 ) ;
#650 = AXIS2_PLACEMENT_3D ( 'NONE', #18, #20, #22 ) ;
#651 = CARTESIAN_POINT ( 'NONE',  ( -55.60473719935382800, 20.38183433088254400, 5.000000000000000000 ) ) ;
#652 = AXIS2_PLACEMENT_3D ( 'NONE', #449, #451, #446 ) ;
#653 = AXIS2_PLACEMENT_3D ( 'NONE', #453, #15, #16 ) ;
#654 = CARTESIAN_POINT ( 'NONE',  ( -62.67547789846925400, 26.88708855611410800, 5.000000000000000900 ) ) ;
#655 = AXIS2_PLACEMENT_3D ( 'NONE', #450, #452, #454 ) ;
#657 = CARTESIAN_POINT ( 'NONE',  ( 52.71777825457041900, 19.62318792779647900, 5.000000000000000900 ) ) ;
#656 = AXIS2_PLACEMENT_3D ( 'NONE', #447, #448, #443 ) ;
#658 = DIRECTION ( 'NONE',  ( 0.0000000000000000000, 0.1898237547074639600, -0.9818181818181819200 ) ) ;
#659 = AXIS2_PLACEMENT_3D ( 'NONE', #444, #445, #440 ) ;
#660 = CARTESIAN_POINT ( 'NONE',  ( 72.49999999999995700, 204.9999999999999700, 0.0000000000000000000 ) ) ;
#661 = AXIS2_PLACEMENT_3D ( 'NONE', #353, #355, #352 ) ;
#662 = AXIS2_PLACEMENT_3D ( 'NONE', #438, #441, #442 ) ;
#663 = AXIS2_PLACEMENT_3D ( 'NONE', #435, #436, #356 ) ;
#664 = CARTESIAN_POINT ( 'NONE',  ( 57.53827115457977500, 21.31266457749477900, 5.000000000000000000 ) ) ;
#665 = AXIS2_PLACEMENT_3D ( 'NONE', #354, #357, #358 ) ;
#666 = AXIS2_PLACEMENT_3D ( 'NONE', #290, #292, #342 ) ;
#667 = CARTESIAN_POINT ( 'NONE',  ( -62.05858445783807300, 25.75932491611960300, 5.000000000000000000 ) ) ;
#668 = AXIS2_PLACEMENT_3D ( 'NONE', #351, #347, #346 ) ;
#669 = AXIS2_PLACEMENT_3D ( 'NONE', #298, #343, #348 ) ;
#670 = AXIS2_PLACEMENT_3D ( 'NONE', #344, #345, #349 ) ;
#671 = AXIS2_PLACEMENT_3D ( 'NONE', #272, #274, #276 ) ;
#672 = CARTESIAN_POINT ( 'NONE',  ( -54.53412188339615300, 199.7558800808246000, 5.000000000000000000 ) ) ;
#673 = AXIS2_PLACEMENT_3D ( 'NONE', #289, #291, #286 ) ;
#674 = AXIS2_PLACEMENT_3D ( 'NONE', #275, #277, #279 ) ;
#675 = AXIS2_PLACEMENT_3D ( 'NONE', #285, #287, #288 ) ;
#676 = AXIS2_PLACEMENT_3D ( 'NONE', #281, #283, #284 ) ;
#677 = AXIS2_PLACEMENT_3D ( 'NONE', #278, #280, #282 ) ;
#678 = AXIS2_PLACEMENT_3D ( 'NONE', #250, #252, #247 ) ;
#679 = DIRECTION ( 'NONE',  ( 4.741003665400058600E-016, -0.7301839288142162300, 0.6832506349074515300 ) ) ;
#680 = AXIS2_PLACEMENT_3D ( 'NONE', #260, #262, #264 ) ;
#681 = AXIS2_PLACEMENT_3D ( 'NONE', #271, #270, #273 ) ;
#682 = AXIS2_PLACEMENT_3D ( 'NONE', #266, #268, #269 ) ;
#683 = AXIS2_PLACEMENT_3D ( 'NONE', #263, #265, #267 ) ;
#684 = CARTESIAN_POINT ( 'NONE',  ( -57.74110571645874800, 198.2286809168815000, 5.000000000000000900 ) ) ;
#685 = AXIS2_PLACEMENT_3D ( 'NONE', #257, #259, #261 ) ;
#686 = AXIS2_PLACEMENT_3D ( 'NONE', #254, #256, #258 ) ;
#687 = AXIS2_PLACEMENT_3D ( 'NONE', #251, #253, #255 ) ;
#688 = AXIS2_PLACEMENT_3D ( 'NONE', #248, #249, #244 ) ;
#689 = CARTESIAN_POINT ( 'NONE',  ( -56.57926614489483800, 198.9034067599138500, 4.999999999999999100 ) ) ;
#690 = AXIS2_PLACEMENT_3D ( 'NONE', #245, #246, #241 ) ;
#691 = CARTESIAN_POINT ( 'NONE',  ( 53.98549433997430200, 19.88100464039274600, 5.000000000000000000 ) ) ;
#692 = AXIS2_PLACEMENT_3D ( 'NONE', #243, #238, #237 ) ;
#693 = AXIS2_PLACEMENT_3D ( 'NONE', #211, #212, #215 ) ;
#694 = AXIS2_PLACEMENT_3D ( 'NONE', #236, #235, #240 ) ;
#695 = AXIS2_PLACEMENT_3D ( 'NONE', #232, #234, #239 ) ;
#696 = AXIS2_PLACEMENT_3D ( 'NONE', #233, #228, #227 ) ;
#697 = AXIS2_PLACEMENT_3D ( 'NONE', #225, #226, #230 ) ;
#698 = AXIS2_PLACEMENT_3D ( 'NONE', #229, #221, #220 ) ;
#699 = AXIS2_PLACEMENT_3D ( 'NONE', #218, #219, #223 ) ;
#700 = AXIS2_PLACEMENT_3D ( 'NONE', #222, #214, #213 ) ;
#701 = AXIS2_PLACEMENT_3D ( 'NONE', #217, #207, #206 ) ;
#702 = AXIS2_PLACEMENT_3D ( 'NONE', #201, #203, #210 ) ;
#703 = CARTESIAN_POINT ( 'NONE',  ( -61.49947825122826800, 194.4994039063712400, 4.999999999999999100 ) ) ;
#704 = AXIS2_PLACEMENT_3D ( 'NONE', #204, #205, #208 ) ;
#705 = AXIS2_PLACEMENT_3D ( 'NONE', #200, #202, #197 ) ;
#706 = AXIS2_PLACEMENT_3D ( 'NONE', #191, #193, #188 ) ;
#707 = AXIS2_PLACEMENT_3D ( 'NONE', #195, #198, #199 ) ;
#708 = AXIS2_PLACEMENT_3D ( 'NONE', #192, #194, #196 ) ;
#710 = CARTESIAN_POINT ( 'NONE',  ( -64.00000000000004300, 31.82214616437726600, 5.000000000000000900 ) ) ;
#709 = AXIS2_PLACEMENT_3D ( 'NONE', #189, #190, #185 ) ;
#711 = AXIS2_PLACEMENT_3D ( 'NONE', #186, #187, #182 ) ;
#712 = AXIS2_PLACEMENT_3D ( 'NONE', #180, #183, #184 ) ;
#713 = AXIS2_PLACEMENT_3D ( 'NONE', #181, #176, #175 ) ;
#714 = AXIS2_PLACEMENT_3D ( 'NONE', #178, #172, #171 ) ;
#715 = AXIS2_PLACEMENT_3D ( 'NONE', #169, #170, #177 ) ;
#716 = AXIS2_PLACEMENT_3D ( 'NONE', #168, #173, #165 ) ;
#717 = AXIS2_PLACEMENT_3D ( 'NONE', #151, #153, #463 ) ;
#718 = AXIS2_PLACEMENT_3D ( 'NONE', #164, #166, #160 ) ;
#719 = AXIS2_PLACEMENT_3D ( 'NONE', #159, #158, #161 ) ;
#720 = AXIS2_PLACEMENT_3D ( 'NONE', #154, #157, #163 ) ;
#721 = AXIS2_PLACEMENT_3D ( 'NONE', #152, #155, #156 ) ;
#722 = AXIS2_PLACEMENT_3D ( 'NONE', #2711, #2712, #2841 ) ;
#723 = AXIS2_PLACEMENT_3D ( 'NONE', #2921, #2845, #2844 ) ;
#724 = CARTESIAN_POINT ( 'NONE',  ( 51.86348589875122200, 19.53703703703704200, 5.000000000000001800 ) ) ;
#725 = AXIS2_PLACEMENT_3D ( 'NONE', #2842, #2722, #2892 ) ;
#726 = AXIS2_PLACEMENT_3D ( 'NONE', #2865, #2866, #2869 ) ;
#727 = AXIS2_PLACEMENT_3D ( 'NONE', #2890, #2868, #2867 ) ;
#728 = AXIS2_PLACEMENT_3D ( 'NONE', #2862, #2864, #2871 ) ;
#729 = AXIS2_PLACEMENT_3D ( 'NONE', #2840, #2856, #2863 ) ;
#730 = DIRECTION ( 'NONE',  ( 1.000000000000000000, -0.0000000000000000000, -0.0000000000000000000 ) ) ;
#731 = AXIS2_PLACEMENT_3D ( 'NONE', #2837, #2839, #2891 ) ;
#732 = AXIS2_PLACEMENT_3D ( 'NONE', #2834, #2836, #2838 ) ;
#733 = AXIS2_PLACEMENT_3D ( 'NONE', #2825, #2824, #2823 ) ;
#734 = AXIS2_PLACEMENT_3D ( 'NONE', #2833, #2835, #2831 ) ;
#735 = CARTESIAN_POINT ( 'NONE',  ( 51.00000000000000700, 36.93902600667860300, -22.00197898065486900 ) ) ;
#736 =( GEOMETRIC_REPRESENTATION_CONTEXT ( 3 ) GLOBAL_UNCERTAINTY_ASSIGNED_CONTEXT ( ( #2609 ) ) GLOBAL_UNIT_ASSIGNED_CONTEXT ( ( #2917, #2916, #2915 ) ) REPRESENTATION_CONTEXT ( 'NONE', 'WORKASPACE' ) );
#737 = AXIS2_PLACEMENT_3D ( 'NONE', #2911, #2913, #2910 ) ;
#738 = CC_DESIGN_PERSON_AND_ORGANIZATION_ASSIGNMENT ( #2586, #2908, ( #1112 ) ) ;
#739 = DIRECTION ( 'NONE',  ( 0.0000000000000000000, 0.9818181818181818100, 0.1898237547074645400 ) ) ;
#740 = PRODUCT_DEFINITION ( 'UNKNOWN', '', #746, #2594 ) ;
#741 = APPROVAL ( #2905, 'UNSPECIFIED' ) ;
#742 = CC_DESIGN_APPROVAL ( #741, ( #740 ) ) ;
#743 = CC_DESIGN_PERSON_AND_ORGANIZATION_ASSIGNMENT ( #2584, #2903, ( #740 ) ) ;
#744 = DIRECTION ( 'NONE',  ( -1.000000000000000000, -0.0000000000000000000, 1.196361017915039200E-016 ) ) ;
#745 = CC_DESIGN_DATE_AND_TIME_ASSIGNMENT ( #2589, #2902, ( #740 ) ) ;
#746 = PRODUCT_DEFINITION_FORMATION_WITH_SPECIFIED_SOURCE ( 'ANY', '', #1112, .NOT_KNOWN. ) ;
#747 = APPROVAL ( #2901, 'UNSPECIFIED' ) ;
#749 = CARTESIAN_POINT ( 'NONE',  ( -51.00000000000002800, 36.93902600667861000, -22.00197898065486200 ) ) ;
#748 = CC_DESIGN_APPROVAL ( #747, ( #746 ) ) ;
#750 = CC_DESIGN_PERSON_AND_ORGANIZATION_ASSIGNMENT ( #2602, #2899, ( #746 ) ) ;
#751 = CC_DESIGN_PERSON_AND_ORGANIZATION_ASSIGNMENT ( #2601, #2898, ( #746 ) ) ;
#752 = DIRECTION ( 'NONE',  ( -1.000000000000000000, -8.628366594965573000E-016, 8.073769801806265300E-016 ) ) ;
#753 = SECURITY_CLASSIFICATION ( '', '', #2897 ) ;
#754 = CC_DESIGN_PERSON_AND_ORGANIZATION_ASSIGNMENT ( #2600, #2896, ( #753 ) ) ;
#755 = CC_DESIGN_DATE_AND_TIME_ASSIGNMENT ( #2570, #2895, ( #753 ) ) ;
#756 = APPROVAL ( #2894, 'UNSPECIFIED' ) ;
#757 = CC_DESIGN_APPROVAL ( #756, ( #753 ) ) ;
#758 = CARTESIAN_POINT ( 'NONE',  ( -66.00000000000002800, 204.9999999999999700, 5.000000000000000000 ) ) ;
#759 = CC_DESIGN_SECURITY_CLASSIFICATION ( #753, ( #746 ) ) ;
#760 = PRODUCT_RELATED_PRODUCT_CATEGORY ( 'detail', '', ( #1112 ) ) ;
#761 = CARTESIAN_POINT ( 'NONE',  ( -63.03493756307829400, 27.65925434432790200, 5.000000000000000000 ) ) ;
#762 = CARTESIAN_POINT ( 'NONE',  ( -59.16540248680523500, 197.1794424437658500, 5.000000000000000000 ) ) ;
#763 = CARTESIAN_POINT ( 'NONE',  ( -55.37054041114907900, 199.4686594006065500, 5.000000000000000000 ) ) ;
#764 = DIRECTION ( 'NONE',  ( 1.000000000000000000, 0.0000000000000000000, 0.0000000000000000000 ) ) ;
#765 = DIRECTION ( 'NONE',  ( 1.000000000000000000, 0.0000000000000000000, 0.0000000000000000000 ) ) ;
#766 = CARTESIAN_POINT ( 'NONE',  ( -63.37683842780608500, 190.4948044119630000, 4.999999999999999100 ) ) ;
#767 = DIRECTION ( 'NONE',  ( 0.0000000000000000000, 0.0000000000000000000, 1.000000000000000000 ) ) ;
#768 = CARTESIAN_POINT ( 'NONE',  ( -64.00000000000002800, 0.0000000000000000000, 5.000000000000000000 ) ) ;
#769 = CARTESIAN_POINT ( 'NONE',  ( 57.90819989681464400, 21.53860535557261400, 4.999999999999999100 ) ) ;
#770 = CARTESIAN_POINT ( 'NONE',  ( -61.34894068823464200, 24.68098102488782400, 4.999999999999999100 ) ) ;
#771 = CARTESIAN_POINT ( 'NONE',  ( -58.10795324680093200, 197.9793089965546900, 5.000000000000000900 ) ) ;
#772 = CARTESIAN_POINT ( 'NONE',  ( -62.41080444227507900, 192.9860883572401300, 5.000000000000000000 ) ) ;
#773 = CARTESIAN_POINT ( 'NONE',  ( -63.31883376342115400, 28.46305588753868000, 5.000000000000000000 ) ) ;
#774 = CARTESIAN_POINT ( 'NONE',  ( 56.78591591744780900, 20.90305838073479100, 5.000000000000000000 ) ) ;
#775 = DIRECTION ( 'NONE',  ( 0.0000000000000000000, 0.9818181818181820300, 0.1898237547074638800 ) ) ;
#776 = CARTESIAN_POINT ( 'NONE',  ( -63.56439668820149100, 29.28290622001158600, 5.000000000000000000 ) ) ;
#777 = CARTESIAN_POINT ( 'NONE',  ( 58.97143692649552800, 22.26290958104097900, 4.999999999999998200 ) ) ;
#778 = DIRECTION ( 'NONE',  ( -1.000000000000000000, -0.0000000000000000000, -0.0000000000000000000 ) ) ;
#779 = CARTESIAN_POINT ( 'NONE',  ( 78.99999999999997200, 204.9999999999998900, 5.000000000000000000 ) ) ;
#780 = DIRECTION ( 'NONE',  ( -0.0000000000000000000, -0.0000000000000000000, -1.000000000000000000 ) ) ;
#781 = DIRECTION ( 'NONE',  ( -0.0000000000000000000, -0.0000000000000000000, -1.000000000000000000 ) ) ;
#782 = CARTESIAN_POINT ( 'NONE',  ( 61.00000000000000700, 37.53833507263709600, -25.10176245292535700 ) ) ;
#783 = CARTESIAN_POINT ( 'NONE',  ( -72.50000000000002800, 109.9999999999999900, 5.000000000000000000 ) ) ;
#784 = DIRECTION ( 'NONE',  ( 0.0000000000000000000, 0.0000000000000000000, 1.000000000000000000 ) ) ;
#785 = DIRECTION ( 'NONE',  ( 1.000000000000000000, 0.0000000000000000000, 0.0000000000000000000 ) ) ;
#786 = DIRECTION ( 'NONE',  ( -1.000000000000000000, -0.0000000000000000000, -0.0000000000000000000 ) ) ;
#787 = DIRECTION ( 'NONE',  ( 0.0000000000000000000, 0.0000000000000000000, 1.000000000000000000 ) ) ;
#788 = CARTESIAN_POINT ( 'NONE',  ( 56.01760625522827300, 20.53302645129203400, 4.999999999999999100 ) ) ;
#789 = CARTESIAN_POINT ( 'NONE',  ( -62.27770317019956500, 26.13096393248202200, 5.000000000000000000 ) ) ;
#790 = CARTESIAN_POINT ( 'NONE',  ( 64.00000000000001400, 32.68518518518519000, 5.000000000000000000 ) ) ;
#791 = CARTESIAN_POINT ( 'NONE',  ( 51.00000000000000700, 200.2488586709062000, 5.000000000000000000 ) ) ;
#792 = DIRECTION ( 'NONE',  ( 0.0000000000000000000, 0.1898237547074646800, -0.9818181818181819200 ) ) ;
#793 = CARTESIAN_POINT ( 'NONE',  ( -63.69776669835229700, 189.2036325547091700, 5.000000000000001800 ) ) ;
#794 = DIRECTION ( 'NONE',  ( -0.0000000000000000000, -0.0000000000000000000, -1.000000000000000000 ) ) ;
#795 = DIRECTION ( 'NONE',  ( 1.000000000000000000, 0.0000000000000000000, 0.0000000000000000000 ) ) ;
#796 = CARTESIAN_POINT ( 'NONE',  ( -55.19763673348523300, 20.23371835888561400, 5.000000000000000000 ) ) ;
#797 = CARTESIAN_POINT ( 'NONE',  ( 63.91677287434321600, 30.97291669710814300, 5.000000000000000000 ) ) ;
#798 = CARTESIAN_POINT ( 'NONE',  ( -53.23261490994111300, 200.0494280277407000, 5.000000000000001800 ) ) ;
#799 = CARTESIAN_POINT ( 'NONE',  ( 63.67204811859493700, 29.71969242460605900, 5.000000000000000000 ) ) ;
#800 = CARTESIAN_POINT ( 'NONE',  ( 63.57034598327477000, 29.30537100915239500, 5.000000000000000000 ) ) ;
#801 = DIRECTION ( 'NONE',  ( 1.000000000000000000, 0.0000000000000000000, 0.0000000000000000000 ) ) ;
#802 = CARTESIAN_POINT ( 'NONE',  ( 63.18206763850425700, 28.07486598159272300, 5.000000000000000000 ) ) ;
#803 = CARTESIAN_POINT ( 'NONE',  ( 72.50000000000001400, 15.00000000000008900, 5.000000000000000000 ) ) ;
#804 = CARTESIAN_POINT ( 'NONE',  ( 59.62407305686171100, 22.80928254158581200, 4.999999999999999100 ) ) ;
#805 = DIRECTION ( 'NONE',  ( 0.0000000000000000000, 0.0000000000000000000, 1.000000000000000000 ) ) ;
#806 = CARTESIAN_POINT ( 'NONE',  ( -51.89714723193779400, 200.2239875579599900, 5.000000000000001800 ) ) ;
#807 = CARTESIAN_POINT ( 'NONE',  ( -65.99999999999991500, 217.9999999999999700, 5.000000000000000000 ) ) ;
#808 = DIRECTION ( 'NONE',  ( -0.0000000000000000000, -0.1898237547074646800, 0.9818181818181819200 ) ) ;
#809 = CARTESIAN_POINT ( 'NONE',  ( -60.97967066423134200, 195.2200560611360100, 4.999999999999998200 ) ) ;
#810 = DIRECTION ( 'NONE',  ( 1.000000000000000000, 0.0000000000000000000, 0.0000000000000000000 ) ) ;
#811 = CARTESIAN_POINT ( 'NONE',  ( -51.00000000000002100, 36.93902600667860300, -22.00197898065486900 ) ) ;
#812 = CARTESIAN_POINT ( 'NONE',  ( -63.60366801850538100, 189.6361744573492800, 5.000000000000000000 ) ) ;
#813 = DIRECTION ( 'NONE',  ( 0.0000000000000000000, 0.0000000000000000000, 1.000000000000000000 ) ) ;
#814 = DIRECTION ( 'NONE',  ( 6.938893903907227400E-016, -1.000000000000000000, 0.0000000000000000000 ) ) ;
#815 = DIRECTION ( 'NONE',  ( 0.0000000000000000000, 0.0000000000000000000, 1.000000000000000000 ) ) ;
#816 = DIRECTION ( 'NONE',  ( -1.000000000000000000, 0.0000000000000000000, 0.0000000000000000000 ) ) ;
#817 = CARTESIAN_POINT ( 'NONE',  ( -72.50000000000002800, 109.9999999999999900, 0.0000000000000000000 ) ) ;
#818 = CARTESIAN_POINT ( 'NONE',  ( -50.99999999999953800, 200.2488586709062000, 5.000000000000000000 ) ) ;
#819 = CARTESIAN_POINT ( 'NONE',  ( -72.50000000000007100, 204.9999999999998900, 0.0000000000000000000 ) ) ;
#820 = CARTESIAN_POINT ( 'NONE',  ( 51.00000000000000700, 22.50000000000000000, 6.877151705734272300E-015 ) ) ;
#821 = CARTESIAN_POINT ( 'NONE',  ( -53.96372560256462200, 19.87602173064567500, 4.999999999999999100 ) ) ;
#822 = DIRECTION ( 'NONE',  ( 0.0000000000000000000, 0.0000000000000000000, 1.000000000000000000 ) ) ;
#823 = CARTESIAN_POINT ( 'NONE',  ( -51.44949667532696900, 200.2488586709063700, 5.000000000000001800 ) ) ;
#824 = CARTESIAN_POINT ( 'NONE',  ( 72.50000000000001400, 15.00000000000008900, 0.0000000000000000000 ) ) ;
#825 = CARTESIAN_POINT ( 'NONE',  ( -63.24351743791083200, 190.9224301958875900, 5.000000000000000900 ) ) ;
#826 = CARTESIAN_POINT ( 'NONE',  ( -56.97694477814120300, 198.6908382945810000, 4.999999999999998200 ) ) ;
#827 = DIRECTION ( 'NONE',  ( 1.000000000000000000, -0.0000000000000000000, -0.0000000000000000000 ) ) ;
#828 = CARTESIAN_POINT ( 'NONE',  ( -59.60215460476240400, 22.81748598533487300, 5.000000000000000900 ) ) ;
#829 = CARTESIAN_POINT ( 'NONE',  ( -65.99999999999991500, 219.9999999999999700, 0.0000000000000000000 ) ) ;
#830 = DIRECTION ( 'NONE',  ( 1.000000000000000000, -0.0000000000000000000, -0.0000000000000000000 ) ) ;
#831 = CARTESIAN_POINT ( 'NONE',  ( 61.00000000000001400, 27.12084418849678300, -23.90021652772951600 ) ) ;
#832 = DIRECTION ( 'NONE',  ( -1.460819769243628900E-016, 1.000000000000000000, 0.0000000000000000000 ) ) ;
#833 = DIRECTION ( 'NONE',  ( 1.000000000000000000, 0.0000000000000000000, 0.0000000000000000000 ) ) ;
#834 = DIRECTION ( 'NONE',  ( 1.000000000000000000, -0.0000000000000000000, -0.0000000000000000000 ) ) ;
#835 = CARTESIAN_POINT ( 'NONE',  ( 62.69726835805953900, 26.88428955497398900, 5.000000000000000900 ) ) ;
#836 = CARTESIAN_POINT ( 'NONE',  ( 65.99999999999997200, 204.9999999999999700, 5.000000000000000000 ) ) ;
#837 = CARTESIAN_POINT ( 'NONE',  ( 61.00000000000000700, 22.49999999999999300, 0.0000000000000000000 ) ) ;
#838 = CARTESIAN_POINT ( 'NONE',  ( -61.74066949936904100, 194.1285740931548700, 5.000000000000000000 ) ) ;
#839 = CARTESIAN_POINT ( 'NONE',  ( -51.00000000000002100, 19.53703703703703800, 5.000000000000000000 ) ) ;
#840 = CARTESIAN_POINT ( 'NONE',  ( -63.91679513476997000, 30.96870582286407000, 5.000000000000000000 ) ) ;
#841 = CARTESIAN_POINT ( 'NONE',  ( -52.78875011094526600, 200.1244223168860700, 5.000000000000001800 ) ) ;
#842 = CARTESIAN_POINT ( 'NONE',  ( -81.00000000000002800, 22.50000000000000000, 0.0000000000000000000 ) ) ;
#843 = DIRECTION ( 'NONE',  ( 1.000000000000000000, 0.0000000000000000000, 0.0000000000000000000 ) ) ;
#844 = DIRECTION ( 'NONE',  ( 1.000000000000000000, 0.0000000000000000000, 0.0000000000000000000 ) ) ;
#845 = DIRECTION ( 'NONE',  ( 0.0000000000000000000, 0.0000000000000000000, -1.000000000000000000 ) ) ;
#846 = DIRECTION ( 'NONE',  ( 1.000000000000000000, 0.0000000000000000000, 0.0000000000000000000 ) ) ;
#847 = CARTESIAN_POINT ( 'NONE',  ( 64.00000000000001400, 31.82197998099668000, 4.999999999999999100 ) ) ;
#848 = CARTESIAN_POINT ( 'NONE',  ( 51.00000000000000700, 19.53703703703703800, 5.000000000000000000 ) ) ;
#849 = DIRECTION ( 'NONE',  ( 0.0000000000000000000, 0.0000000000000000000, 1.000000000000000000 ) ) ;
#850 = CARTESIAN_POINT ( 'NONE',  ( -51.00000000000002100, 19.53703703703703800, 5.000000000000000000 ) ) ;
#851 = CARTESIAN_POINT ( 'NONE',  ( -62.78646925971479900, 192.1845259070081800, 5.000000000000000900 ) ) ;
#852 = CARTESIAN_POINT ( 'NONE',  ( -64.00000000000002800, 186.1162899133372500, 5.000000000000000000 ) ) ;
#853 = CARTESIAN_POINT ( 'NONE',  ( 55.21792516059387900, 20.24081001477396700, 5.000000000000000900 ) ) ;
#854 = CARTESIAN_POINT ( 'NONE',  ( -64.00000000000002800, 32.68518518518518300, 5.000000000000000000 ) ) ;
#855 = CARTESIAN_POINT ( 'NONE',  ( -58.94157238554399200, 22.26643704485461900, 5.000000000000000000 ) ) ;
#856 = CARTESIAN_POINT ( 'NONE',  ( -64.00000000000007100, 187.0128137267050200, 4.999999999999999100 ) ) ;
#857 = CARTESIAN_POINT ( 'NONE',  ( 72.49999999999995700, 204.9999999999999700, 5.000000000000000000 ) ) ;
#858 = DIRECTION ( 'NONE',  ( -0.0000000000000000000, 1.000000000000000000, -0.0000000000000000000 ) ) ;
#859 = CARTESIAN_POINT ( 'NONE',  ( 54.40236954843427200, 19.98796963829103700, 5.000000000000000000 ) ) ;
#860 = DIRECTION ( 'NONE',  ( 1.000000000000000000, 0.0000000000000000000, 0.0000000000000000000 ) ) ;
#861 = CARTESIAN_POINT ( 'NONE',  ( 51.00000000000000700, 36.93902600667860300, -22.00197898065486900 ) ) ;
#862 = DIRECTION ( 'NONE',  ( -1.000000000000000000, -0.0000000000000000000, -0.0000000000000000000 ) ) ;
#863 = DIRECTION ( 'NONE',  ( -0.0000000000000000000, -0.0000000000000000000, -1.000000000000000000 ) ) ;
#864 = CARTESIAN_POINT ( 'NONE',  ( 65.99999999999985800, 219.9999999999999700, 3.000000000000000000 ) ) ;
#865 = EDGE_CURVE ( 'NONE', #1995, #2021, #2141, .T. ) ;
#866 = EDGE_CURVE ( 'NONE', #2079, #1999, #1725, .T. ) ;
#867 = EDGE_CURVE ( 'NONE', #1966, #2079, #2140, .T. ) ;
#868 = EDGE_CURVE ( 'NONE', #2083, #1989, #2144, .T. ) ;
#869 = EDGE_CURVE ( 'NONE', #2112, #2114, #2142, .T. ) ;
#870 = EDGE_CURVE ( 'NONE', #1986, #1995, #2146, .T. ) ;
#871 = EDGE_CURVE ( 'NONE', #1952, #1974, #2620, .T. ) ;
#872 = EDGE_CURVE ( 'NONE', #2088, #2087, #2147, .T. ) ;
#873 = EDGE_CURVE ( 'NONE', #1999, #2078, #2145, .T. ) ;
#874 = EDGE_CURVE ( 'NONE', #1925, #2111, #2148, .T. ) ;
#875 = EDGE_CURVE ( 'NONE', #1986, #2021, #2150, .T. ) ;
#876 = EDGE_CURVE ( 'NONE', #2021, #2103, #2149, .T. ) ;
#877 = EDGE_CURVE ( 'NONE', #2087, #2021, #2151, .T. ) ;
#878 = EDGE_CURVE ( 'NONE', #1996, #2110, #2612, .T. ) ;
#879 = EDGE_CURVE ( 'NONE', #2089, #2087, #2152, .T. ) ;
#880 = EDGE_CURVE ( 'NONE', #2100, #1768, #2611, .T. ) ;
#881 = EDGE_CURVE ( 'NONE', #2110, #2106, #2157, .T. ) ;
#882 = EDGE_CURVE ( 'NONE', #1974, #1996, #2158, .T. ) ;
#883 = EDGE_CURVE ( 'NONE', #1970, #1995, #2159, .T. ) ;
#884 = EDGE_CURVE ( 'NONE', #1768, #1952, #2154, .T. ) ;
#885 = EDGE_CURVE ( 'NONE', #2078, #1925, #2163, .T. ) ;
#886 = EDGE_CURVE ( 'NONE', #1991, #2100, #2165, .T. ) ;
#887 = EDGE_CURVE ( 'NONE', #1978, #2043, #2167, .T. ) ;
#888 = EDGE_CURVE ( 'NONE', #1902, #2103, #2169, .T. ) ;
#889 = EDGE_CURVE ( 'NONE', #1972, #2091, #2161, .T. ) ;
#890 = EDGE_CURVE ( 'NONE', #1898, #1955, #2170, .T. ) ;
#891 = EDGE_CURVE ( 'NONE', #2092, #1983, #2172, .T. ) ;
#892 = EDGE_CURVE ( 'NONE', #1900, #2025, #2173, .T. ) ;
#893 = EDGE_CURVE ( 'NONE', #1992, #2097, #2174, .T. ) ;
#894 = EDGE_CURVE ( 'NONE', #1968, #2090, #2175, .T. ) ;
#895 = EDGE_CURVE ( 'NONE', #1982, #1994, #2178, .T. ) ;
#896 = EDGE_CURVE ( 'NONE', #1984, #2085, #2176, .T. ) ;
#897 = EDGE_CURVE ( 'NONE', #1988, #2026, #2180, .T. ) ;
#898 = EDGE_CURVE ( 'NONE', #1967, #1963, #2181, .T. ) ;
#899 = EDGE_CURVE ( 'NONE', #2107, #2082, #2182, .T. ) ;
#900 = EDGE_CURVE ( 'NONE', #2028, #1888, #2183, .T. ) ;
#901 = EDGE_CURVE ( 'NONE', #1970, #2103, #2607, .T. ) ;
#902 = EDGE_CURVE ( 'NONE', #1970, #1831, #2184, .T. ) ;
#903 = EDGE_CURVE ( 'NONE', #1971, #1831, #2621, .T. ) ;
#904 = EDGE_CURVE ( 'NONE', #2113, #1971, #2187, .T. ) ;
#905 = EDGE_CURVE ( 'NONE', #1965, #2113, #2619, .T. ) ;
#906 = EDGE_CURVE ( 'NONE', #1965, #2102, #2185, .T. ) ;
#907 = EDGE_CURVE ( 'NONE', #1902, #2102, #2614, .T. ) ;
#908 = EDGE_CURVE ( 'NONE', #2105, #2073, #2189, .T. ) ;
#909 = EDGE_CURVE ( 'NONE', #2088, #1993, #2192, .T. ) ;
#910 = EDGE_CURVE ( 'NONE', #2038, #2077, #2193, .T. ) ;
#911 = EDGE_CURVE ( 'NONE', #1993, #1990, #2191, .T. ) ;
#912 = EDGE_CURVE ( 'NONE', #1990, #1986, #2196, .T. ) ;
#913 = EDGE_CURVE ( 'NONE', #1994, #2007, #2198, .T. ) ;
#914 = EDGE_CURVE ( 'NONE', #2107, #2115, #2194, .T. ) ;
#915 = EDGE_CURVE ( 'NONE', #2019, #2018, #2199, .T. ) ;
#916 = EDGE_CURVE ( 'NONE', #1969, #2086, #2618, .T. ) ;
#917 = EDGE_CURVE ( 'NONE', #2075, #2081, #2201, .T. ) ;
#918 = EDGE_CURVE ( 'NONE', #1981, #1973, #2604, .T. ) ;
#919 = EDGE_CURVE ( 'NONE', #1975, #2075, #2203, .T. ) ;
#920 = EDGE_CURVE ( 'NONE', #2018, #2094, #2205, .T. ) ;
#921 = EDGE_CURVE ( 'NONE', #1997, #2004, #2606, .T. ) ;
#922 = EDGE_CURVE ( 'NONE', #2018, #2074, #2204, .T. ) ;
#923 = EDGE_CURVE ( 'NONE', #1975, #2081, #2206, .T. ) ;
#924 = EDGE_CURVE ( 'NONE', #1968, #2097, #2208, .T. ) ;
#925 = EDGE_CURVE ( 'NONE', #1967, #2099, #2207, .T. ) ;
#926 = EDGE_CURVE ( 'NONE', #2028, #2003, #2209, .T. ) ;
#927 = EDGE_CURVE ( 'NONE', #1963, #1956, #2211, .T. ) ;
#928 = EDGE_CURVE ( 'NONE', #2077, #1992, #2213, .T. ) ;
#929 = EDGE_CURVE ( 'NONE', #1977, #1927, #2215, .T. ) ;
#930 = EDGE_CURVE ( 'NONE', #2115, #2091, #2217, .T. ) ;
#931 = EDGE_CURVE ( 'NONE', #2091, #1972, #2218, .T. ) ;
#932 = EDGE_CURVE ( 'NONE', #2116, #1972, #2221, .T. ) ;
#933 = EDGE_CURVE ( 'NONE', #2116, #2115, #2219, .T. ) ;
#934 = EDGE_CURVE ( 'NONE', #2099, #2025, #2222, .T. ) ;
#935 = EDGE_CURVE ( 'NONE', #2109, #1954, #2224, .T. ) ;
#936 = EDGE_CURVE ( 'NONE', #1980, #1998, #2227, .T. ) ;
#937 = EDGE_CURVE ( 'NONE', #2018, #2004, #2225, .T. ) ;
#938 = EDGE_CURVE ( 'NONE', #1956, #1900, #2229, .T. ) ;
#939 = EDGE_CURVE ( 'NONE', #2025, #1900, #2231, .T. ) ;
#940 = EDGE_CURVE ( 'NONE', #1954, #1980, #2235, .T. ) ;
#941 = EDGE_CURVE ( 'NONE', #2098, #2076, #2233, .T. ) ;
#942 = EDGE_CURVE ( 'NONE', #1998, #2008, #2236, .T. ) ;
#943 = EDGE_CURVE ( 'NONE', #1976, #1968, #2238, .T. ) ;
#944 = EDGE_CURVE ( 'NONE', #1976, #2024, #2240, .T. ) ;
#945 = EDGE_CURVE ( 'NONE', #1937, #1976, #2237, .T. ) ;
#946 = EDGE_CURVE ( 'NONE', #1998, #1937, #2243, .T. ) ;
#947 = EDGE_CURVE ( 'NONE', #2094, #2074, #2241, .T. ) ;
#948 = EDGE_CURVE ( 'NONE', #1980, #1901, #2245, .T. ) ;
#949 = EDGE_CURVE ( 'NONE', #1985, #2008, #2247, .T. ) ;
#950 = EDGE_CURVE ( 'NONE', #2075, #1973, #2249, .T. ) ;
#951 = EDGE_CURVE ( 'NONE', #2109, #2077, #2250, .T. ) ;
#952 = EDGE_CURVE ( 'NONE', #2085, #1984, #2251, .T. ) ;
#953 = EDGE_CURVE ( 'NONE', #1982, #2108, #2253, .T. ) ;
#954 = EDGE_CURVE ( 'NONE', #2085, #2009, #2246, .T. ) ;
#955 = EDGE_CURVE ( 'NONE', #1984, #1894, #2254, .T. ) ;
#956 = EDGE_CURVE ( 'NONE', #2026, #1988, #2256, .T. ) ;
#957 = EDGE_CURVE ( 'NONE', #2026, #1977, #2260, .T. ) ;
#958 = EDGE_CURVE ( 'NONE', #1988, #1927, #2261, .T. ) ;
#959 = EDGE_CURVE ( 'NONE', #1963, #1967, #2258, .T. ) ;
#960 = EDGE_CURVE ( 'NONE', #2009, #2105, #2265, .T. ) ;
#961 = EDGE_CURVE ( 'NONE', #2073, #2105, #2263, .T. ) ;
#962 = EDGE_CURVE ( 'NONE', #2090, #2109, #2268, .T. ) ;
#963 = EDGE_CURVE ( 'NONE', #1894, #2073, #2269, .T. ) ;
#964 = EDGE_CURVE ( 'NONE', #2007, #2108, #2266, .T. ) ;
#965 = EDGE_CURVE ( 'NONE', #1901, #2038, #2272, .T. ) ;
#966 = EDGE_CURVE ( 'NONE', #2007, #1898, #2273, .T. ) ;
#967 = EDGE_CURVE ( 'NONE', #1955, #1898, #2270, .T. ) ;
#968 = EDGE_CURVE ( 'NONE', #2108, #1955, #2276, .T. ) ;
#969 = EDGE_CURVE ( 'NONE', #1994, #1982, #2274, .T. ) ;
#970 = EDGE_CURVE ( 'NONE', #2082, #2107, #2279, .T. ) ;
#971 = EDGE_CURVE ( 'NONE', #2104, #2089, #2280, .T. ) ;
#972 = EDGE_CURVE ( 'NONE', #2104, #1993, #2277, .T. ) ;
#973 = EDGE_CURVE ( 'NONE', #2089, #2088, #2281, .T. ) ;
#974 = EDGE_CURVE ( 'NONE', #1989, #2083, #2283, .T. ) ;
#975 = EDGE_CURVE ( 'NONE', #2083, #2114, #2282, .T. ) ;
#976 = EDGE_CURVE ( 'NONE', #2114, #2112, #2285, .T. ) ;
#977 = EDGE_CURVE ( 'NONE', #1989, #2112, #2287, .T. ) ;
#978 = EDGE_CURVE ( 'NONE', #1964, #1987, #2288, .T. ) ;
#979 = EDGE_CURVE ( 'NONE', #1964, #2098, #2284, .T. ) ;
#980 = EDGE_CURVE ( 'NONE', #1987, #2076, #2290, .T. ) ;
#981 = EDGE_CURVE ( 'NONE', #1899, #2101, #2291, .T. ) ;
#982 = EDGE_CURVE ( 'NONE', #1899, #2093, #2293, .T. ) ;
#983 = EDGE_CURVE ( 'NONE', #1957, #2093, #2292, .T. ) ;
#984 = EDGE_CURVE ( 'NONE', #2101, #1957, #2294, .T. ) ;
#985 = EDGE_CURVE ( 'NONE', #1987, #1964, #2295, .T. ) ;
#986 = EDGE_CURVE ( 'NONE', #1964, #2101, #2296, .T. ) ;
#987 = EDGE_CURVE ( 'NONE', #2101, #1899, #2298, .T. ) ;
#988 = EDGE_CURVE ( 'NONE', #1987, #1899, #2300, .T. ) ;
#989 = EDGE_CURVE ( 'NONE', #1979, #2019, #2301, .T. ) ;
#990 = EDGE_CURVE ( 'NONE', #2082, #2116, #2297, .T. ) ;
#991 = EDGE_CURVE ( 'NONE', #2009, #1894, #2304, .T. ) ;
#992 = EDGE_CURVE ( 'NONE', #1927, #1983, #2306, .T. ) ;
#993 = EDGE_CURVE ( 'NONE', #1983, #2092, #2303, .T. ) ;
#994 = EDGE_CURVE ( 'NONE', #1956, #2099, #2309, .T. ) ;
#995 = EDGE_CURVE ( 'NONE', #2096, #1903, #2310, .T. ) ;
#996 = EDGE_CURVE ( 'NONE', #2096, #2003, #2307, .T. ) ;
#997 = EDGE_CURVE ( 'NONE', #2084, #1903, #2311, .T. ) ;
#998 = EDGE_CURVE ( 'NONE', #1888, #2028, #2313, .T. ) ;
#999 = EDGE_CURVE ( 'NONE', #1986, #2088, #2315, .T. ) ;
#1000 = EDGE_CURVE ( 'NONE', #2003, #2084, #2316, .T. ) ;
#1001 = EDGE_CURVE ( 'NONE', #1888, #2096, #2314, .T. ) ;
#1002 = EDGE_CURVE ( 'NONE', #1977, #2092, #2320, .T. ) ;
#1003 = EDGE_CURVE ( 'NONE', #2090, #1992, #2318, .T. ) ;
#1004 = EDGE_CURVE ( 'NONE', #1937, #1985, #2324, .T. ) ;
#1005 = EDGE_CURVE ( 'NONE', #2097, #2024, #2326, .T. ) ;
#1006 = EDGE_CURVE ( 'NONE', #2024, #1985, #2328, .T. ) ;
#1007 = EDGE_CURVE ( 'NONE', #1979, #2004, #2329, .T. ) ;
#1008 = EDGE_CURVE ( 'NONE', #1954, #2038, #2322, .T. ) ;
#1009 = EDGE_CURVE ( 'NONE', #2008, #1901, #2333, .T. ) ;
#1010 = EDGE_CURVE ( 'NONE', #1969, #1973, #2335, .T. ) ;
#1011 = EDGE_CURVE ( 'NONE', #1969, #2075, #2331, .T. ) ;
#1012 = EDGE_CURVE ( 'NONE', #2076, #2098, #2339, .T. ) ;
#1013 = EDGE_CURVE ( 'NONE', #2074, #2081, #2341, .T. ) ;
#1014 = EDGE_CURVE ( 'NONE', #1979, #2080, #2605, .T. ) ;
#1015 = EDGE_CURVE ( 'NONE', #2095, #2080, #2342, .T. ) ;
#1016 = EDGE_CURVE ( 'NONE', #2019, #2095, #2345, .T. ) ;
#1017 = EDGE_CURVE ( 'NONE', #2095, #2017, #2344, .T. ) ;
#1018 = EDGE_CURVE ( 'NONE', #2081, #2086, #2337, .T. ) ;
#1019 = EDGE_CURVE ( 'NONE', #2094, #2095, #2348, .T. ) ;
#1020 = EDGE_CURVE ( 'NONE', #1997, #2074, #2350, .T. ) ;
#1021 = EDGE_CURVE ( 'NONE', #2086, #1997, #2351, .T. ) ;
#1022 = EDGE_CURVE ( 'NONE', #1981, #2080, #2346, .T. ) ;
#1023 = EDGE_CURVE ( 'NONE', #1981, #2017, #2355, .T. ) ;
#1024 = EDGE_CURVE ( 'NONE', #1975, #2094, #2357, .T. ) ;
#1025 = EDGE_CURVE ( 'NONE', #2017, #1975, #2358, .T. ) ;
#1026 = EDGE_CURVE ( 'NONE', #2093, #1957, #2360, .T. ) ;
#1027 = EDGE_CURVE ( 'NONE', #1981, #2106, #2361, .T. ) ;
#1028 = EDGE_CURVE ( 'NONE', #1991, #1973, #2353, .T. ) ;
#1029 = EDGE_CURVE ( 'NONE', #1995, #1831, #2362, .T. ) ;
#1030 = EDGE_CURVE ( 'NONE', #1971, #1990, #2364, .T. ) ;
#1031 = EDGE_CURVE ( 'NONE', #1993, #2113, #2365, .T. ) ;
#1032 = EDGE_CURVE ( 'NONE', #1965, #2104, #2366, .T. ) ;
#1033 = EDGE_CURVE ( 'NONE', #2089, #2102, #2367, .T. ) ;
#1034 = EDGE_CURVE ( 'NONE', #1902, #2087, #2368, .T. ) ;
#1035 = EDGE_CURVE ( 'NONE', #2115, #2116, #2370, .T. ) ;
#1036 = EDGE_CURVE ( 'NONE', #2003, #2096, #2372, .T. ) ;
#1037 = EDGE_CURVE ( 'NONE', #1952, #1997, #2373, .T. ) ;
#1038 = EDGE_CURVE ( 'NONE', #2004, #1974, #2374, .T. ) ;
#1039 = EDGE_CURVE ( 'NONE', #1768, #2086, #2375, .T. ) ;
#1040 = EDGE_CURVE ( 'NONE', #1979, #1996, #2376, .T. ) ;
#1041 = EDGE_CURVE ( 'NONE', #2080, #2110, #2363, .T. ) ;
#1042 = EDGE_CURVE ( 'NONE', #2100, #1969, #2378, .T. ) ;
#1043 = EDGE_CURVE ( 'NONE', #1998, #2043, #2379, .T. ) ;
#1044 = EDGE_CURVE ( 'NONE', #1978, #1937, #2377, .T. ) ;
#1045 = EDGE_CURVE ( 'NONE', #1980, #1966, #2381, .T. ) ;
#1046 = EDGE_CURVE ( 'NONE', #2111, #1976, #2380, .T. ) ;
#1047 = EDGE_CURVE ( 'NONE', #1954, #2079, #2382, .T. ) ;
#1048 = EDGE_CURVE ( 'NONE', #1925, #1968, #2383, .T. ) ;
#1049 = EDGE_CURVE ( 'NONE', #2078, #2090, #2384, .T. ) ;
#1050 = EDGE_CURVE ( 'NONE', #2109, #1999, #2385, .T. ) ;
#1051 = EDGE_CURVE ( 'NONE', #2108, #2007, #2386, .T. ) ;
#1052 = EDGE_CURVE ( 'NONE', #1894, #2009, #2388, .T. ) ;
#1053 = EDGE_CURVE ( 'NONE', #1927, #1977, #2389, .T. ) ;
#1054 = EDGE_CURVE ( 'NONE', #2099, #1956, #2390, .T. ) ;
#1055 = AXIS2_PLACEMENT_3D ( 'NONE', #635, #658, #775 ) ;
#1056 = AXIS2_PLACEMENT_3D ( 'NONE', #577, #575, #572 ) ;
#1057 = AXIS2_PLACEMENT_3D ( 'NONE', #565, #744, #573 ) ;
#1058 = AXIS2_PLACEMENT_3D ( 'NONE', #566, #570, #805 ) ;
#1059 = AXIS2_PLACEMENT_3D ( 'NONE', #735, #679, #569 ) ;
#1060 = AXIS2_PLACEMENT_3D ( 'NONE', #749, #752, #814 ) ;
#1061 = AXIS2_PLACEMENT_3D ( 'NONE', #836, #787, #833 ) ;
#1062 = AXIS2_PLACEMENT_3D ( 'NONE', #758, #822, #846 ) ;
#1063 = AXIS2_PLACEMENT_3D ( 'NONE', #861, #862, #845 ) ;
#1064 = AXIS2_PLACEMENT_3D ( 'NONE', #811, #621, #739 ) ;
#1065 = AXIS2_PLACEMENT_3D ( 'NONE', #560, #849, #561 ) ;
#1066 = AXIS2_PLACEMENT_3D ( 'NONE', #623, #794, #801 ) ;
#1067 = AXIS2_PLACEMENT_3D ( 'NONE', #803, #780, #860 ) ;
#1068 = AXIS2_PLACEMENT_3D ( 'NONE', #857, #863, #844 ) ;
#1069 = AXIS2_PLACEMENT_3D ( 'NONE', #783, #781, #785 ) ;
#1070 = AXIS2_PLACEMENT_3D ( 'NONE', #824, #815, #843 ) ;
#1071 = AXIS2_PLACEMENT_3D ( 'NONE', #555, #556, #764 ) ;
#1072 = AXIS2_PLACEMENT_3D ( 'NONE', #660, #813, #810 ) ;
#1073 = AXIS2_PLACEMENT_3D ( 'NONE', #817, #784, #765 ) ;
#1074 = AXIS2_PLACEMENT_3D ( 'NONE', #819, #767, #795 ) ;
#1075 = AXIS2_PLACEMENT_3D ( 'NONE', #1316, #1298, #1323 ) ;
#1076 = AXIS2_PLACEMENT_3D ( 'NONE', #1183, #1185, #1213 ) ;
#1077 = AXIS2_PLACEMENT_3D ( 'NONE', #1210, #1209, #1208 ) ;
#1078 = AXIS2_PLACEMENT_3D ( 'NONE', #1204, #1203, #1202 ) ;
#1079 = AXIS2_PLACEMENT_3D ( 'NONE', #1197, #1196, #1198 ) ;
#1080 = AXIS2_PLACEMENT_3D ( 'NONE', #1191, #1189, #1190 ) ;
#1081 = AXIS2_PLACEMENT_3D ( 'NONE', #1216, #1217, #1215 ) ;
#1082 = AXIS2_PLACEMENT_3D ( 'NONE', #1187, #1186, #1158 ) ;
#1083 = AXIS2_PLACEMENT_3D ( 'NONE', #1127, #1126, #1125 ) ;
#1084 = AXIS2_PLACEMENT_3D ( 'NONE', #1122, #1121, #1120 ) ;
#1085 = AXIS2_PLACEMENT_3D ( 'NONE', #1131, #1154, #1135 ) ;
#1086 = AXIS2_PLACEMENT_3D ( 'NONE', #1137, #1139, #1138 ) ;
#1087 = AXIS2_PLACEMENT_3D ( 'NONE', #1141, #1142, #1143 ) ;
#1088 = AXIS2_PLACEMENT_3D ( 'NONE', #1148, #1152, #1151 ) ;
#1089 = AXIS2_PLACEMENT_3D ( 'NONE', #1156, #1155, #1132 ) ;
#1090 = AXIS2_PLACEMENT_3D ( 'NONE', #1128, #1130, #1133 ) ;
#1091 = AXIS2_PLACEMENT_3D ( 'NONE', #1328, #1327, #1326 ) ;
#1092 = AXIS2_PLACEMENT_3D ( 'NONE', #1342, #1161, #1345 ) ;
#1093 = AXIS2_PLACEMENT_3D ( 'NONE', #1258, #1260, #1250 ) ;
#1094 = AXIS2_PLACEMENT_3D ( 'NONE', #1171, #1166, #1253 ) ;
#1095 = AXIS2_PLACEMENT_3D ( 'NONE', #1173, #1255, #1157 ) ;
#1096 = AXIS2_PLACEMENT_3D ( 'NONE', #1167, #1179, #1247 ) ;
#1097 = AXIS2_PLACEMENT_3D ( 'NONE', #1163, #1254, #1170 ) ;
#1098 = AXIS2_PLACEMENT_3D ( 'NONE', #1249, #1248, #1262 ) ;
#1099 = AXIS2_PLACEMENT_3D ( 'NONE', #1169, #1251, #1259 ) ;
#1100 = AXIS2_PLACEMENT_3D ( 'NONE', #1244, #1243, #1242 ) ;
#1101 = AXIS2_PLACEMENT_3D ( 'NONE', #1218, #1351, #1348 ) ;
#1102 = AXIS2_PLACEMENT_3D ( 'NONE', #1349, #1347, #1357 ) ;
#1103 = AXIS2_PLACEMENT_3D ( 'NONE', #1352, #1356, #1321 ) ;
#1104 = AXIS2_PLACEMENT_3D ( 'NONE', #1354, #1359, #1358 ) ;
#1105 = AXIS2_PLACEMENT_3D ( 'NONE', #1360, #1343, #1361 ) ;
#1106 = AXIS2_PLACEMENT_3D ( 'NONE', #1362, #1363, #1364 ) ;
#1107 = AXIS2_PLACEMENT_3D ( 'NONE', #1365, #1366, #1367 ) ;
#1108 = AXIS2_PLACEMENT_3D ( 'NONE', #1369, #1370, #1371 ) ;
#1109 = AXIS2_PLACEMENT_3D ( 'NONE', #1373, #1374, #1375 ) ;
#1110 = AXIS2_PLACEMENT_3D ( 'NONE', #1378, #1379, #1380 ) ;
#1111 = AXIS2_PLACEMENT_3D ( 'NONE', #1381, #1382, #1383 ) ;
#1112 = PRODUCT ( 'Handle', 'Handle', '', ( #2909 ) ) ;
#1113 = PERSON ( 'UNSPECIFIED', 'UNSPECIFIED', 'UNSPECIFIED', ('UNSPECIFIED'), ('UNSPECIFIED'), ('UNSPECIFIED') ) ;
#1114 = DIRECTION ( 'NONE',  ( 0.7071067811865513500, 0.0000000000000000000, 0.7071067811865438000 ) ) ;
#1115 = DIRECTION ( 'NONE',  ( -0.7071067811865513500, 8.659560562354980900E-017, 0.7071067811865438000 ) ) ;
#1116 = DIRECTION ( 'NONE',  ( -0.0000000000000000000, -0.0000000000000000000, 1.000000000000000000 ) ) ;
#1117 = DIRECTION ( 'NONE',  ( -0.0000000000000000000, -0.0000000000000000000, 1.000000000000000000 ) ) ;
#1118 = DIRECTION ( 'NONE',  ( -0.0000000000000000000, -0.0000000000000000000, 1.000000000000000000 ) ) ;
#1119 = CARTESIAN_POINT ( 'NONE',  ( -75.25000000000002800, 109.9999999999999900, -58.00000000000001400 ) ) ;
#1120 = DIRECTION ( 'NONE',  ( 0.0000000000000000000, 0.0000000000000000000, -1.000000000000000000 ) ) ;
#1121 = DIRECTION ( 'NONE',  ( -1.000000000000000000, 0.0000000000000000000, 0.0000000000000000000 ) ) ;
#1122 = CARTESIAN_POINT ( 'NONE',  ( 51.00000000000000700, 36.93902600667859600, -22.00197898065486900 ) ) ;
#1123 = CARTESIAN_POINT ( 'NONE',  ( -65.99999999999991500, 219.9999999999999700, 5.000000000000000000 ) ) ;
#1124 = CARTESIAN_POINT ( 'NONE',  ( -69.75000000000001400, 109.9999999999999900, -58.00000000000001400 ) ) ;
#1125 = DIRECTION ( 'NONE',  ( 0.0000000000000000000, 0.9818181818181818100, 0.1898237547074644900 ) ) ;
#1126 = DIRECTION ( 'NONE',  ( 1.174608999407493000E-016, -0.1898237547074646800, 0.9818181818181818100 ) ) ;
#1127 = CARTESIAN_POINT ( 'NONE',  ( -51.00000000000002100, 36.93902600667859600, -22.00197898065487600 ) ) ;
#1128 = CARTESIAN_POINT ( 'NONE',  ( 66.00000000000000000, 14.99999999999998600, 3.000000000000000000 ) ) ;
#1129 = DIRECTION ( 'NONE',  ( -0.0000000000000000000, -0.0000000000000000000, -1.000000000000000000 ) ) ;
#1130 = DIRECTION ( 'NONE',  ( -0.0000000000000000000, -0.0000000000000000000, -1.000000000000000000 ) ) ;
#1131 = CARTESIAN_POINT ( 'NONE',  ( 65.99999999999997200, 204.9999999999999700, 0.0000000000000000000 ) ) ;
#1132 = DIRECTION ( 'NONE',  ( 1.000000000000000000, 0.0000000000000000000, 0.0000000000000000000 ) ) ;
#1133 = DIRECTION ( 'NONE',  ( 1.000000000000000000, 0.0000000000000000000, 0.0000000000000000000 ) ) ;
#1134 = CARTESIAN_POINT ( 'NONE',  ( -60.94394702357500600, 187.5265296390455800, 0.0000000000000000000 ) ) ;
#1135 = DIRECTION ( 'NONE',  ( -1.000000000000000000, 0.0000000000000000000, 0.0000000000000000000 ) ) ;
#1136 = CARTESIAN_POINT ( 'NONE',  ( -69.75000000000005700, 204.9999999999998900, 2.999999999999995600 ) ) ;
#1137 = CARTESIAN_POINT ( 'NONE',  ( 72.49999999999995700, 204.9999999999999700, 2.999999999999995600 ) ) ;
#1138 = DIRECTION ( 'NONE',  ( 1.000000000000000000, 0.0000000000000000000, 0.0000000000000000000 ) ) ;
#1139 = DIRECTION ( 'NONE',  ( 0.0000000000000000000, 0.0000000000000000000, 1.000000000000000000 ) ) ;
#1140 = CARTESIAN_POINT ( 'NONE',  ( -75.25000000000007100, 204.9999999999998900, 2.999999999999995600 ) ) ;
#1141 = CARTESIAN_POINT ( 'NONE',  ( -72.50000000000007100, 204.9999999999998900, 5.000000000000000000 ) ) ;
#1142 = DIRECTION ( 'NONE',  ( -0.0000000000000000000, -0.0000000000000000000, -1.000000000000000000 ) ) ;
#1143 = DIRECTION ( 'NONE',  ( 1.000000000000000000, 0.0000000000000000000, 0.0000000000000000000 ) ) ;
#1144 = DIRECTION ( 'NONE',  ( 0.7071067811865536800, 0.0000000000000000000, 0.7071067811865413600 ) ) ;
#1145 = CARTESIAN_POINT ( 'NONE',  ( -59.00000000000002100, 32.31818181818181300, 1.898237547074645100 ) ) ;
#1146 = CARTESIAN_POINT ( 'NONE',  ( 81.00000000000000000, 15.00000000000009100, 3.000000000000000000 ) ) ;
#1147 = CARTESIAN_POINT ( 'NONE',  ( -69.75000000000001400, 109.9999999999999900, 2.999999999999995600 ) ) ;
#1148 = CARTESIAN_POINT ( 'NONE',  ( -72.50000000000007100, 204.9999999999998900, 2.999999999999995600 ) ) ;
#1149 = DIRECTION ( 'NONE',  ( 1.460819769243628900E-016, -1.000000000000000000, -0.0000000000000000000 ) ) ;
#1150 = CARTESIAN_POINT ( 'NONE',  ( -75.25000000000002800, 109.9999999999999900, 2.999999999999995600 ) ) ;
#1151 = DIRECTION ( 'NONE',  ( 1.000000000000000000, 0.0000000000000000000, 0.0000000000000000000 ) ) ;
#1152 = DIRECTION ( 'NONE',  ( 0.0000000000000000000, 0.0000000000000000000, 1.000000000000000000 ) ) ;
#1153 = CARTESIAN_POINT ( 'NONE',  ( -81.00000000000002800, 204.9999999999998900, 5.000000000000000000 ) ) ;
#1154 = DIRECTION ( 'NONE',  ( 0.0000000000000000000, 0.0000000000000000000, 1.000000000000000000 ) ) ;
#1155 = DIRECTION ( 'NONE',  ( -0.0000000000000000000, -0.0000000000000000000, -1.000000000000000000 ) ) ;
#1156 = CARTESIAN_POINT ( 'NONE',  ( -72.50000000000002800, 109.9999999999999900, 5.000000000000000000 ) ) ;
#1157 = DIRECTION ( 'NONE',  ( 1.000000000000000000, 0.0000000000000000000, 0.0000000000000000000 ) ) ;
#1158 = DIRECTION ( 'NONE',  ( 0.0000000000000000000, -0.6832506349074513000, -0.7301839288142164500 ) ) ;
#1159 = DIRECTION ( 'NONE',  ( 1.000000000000000000, -0.0000000000000000000, -0.0000000000000000000 ) ) ;
#1160 = DIRECTION ( 'NONE',  ( -0.0000000000000000000, -0.0000000000000000000, -1.000000000000000000 ) ) ;
#1161 = DIRECTION ( 'NONE',  ( -0.0000000000000000000, -0.0000000000000000000, -1.000000000000000000 ) ) ;
#1162 = CARTESIAN_POINT ( 'NONE',  ( 75.25000000000001400, 15.00000000000008900, -58.00000000000001400 ) ) ;
#1163 = CARTESIAN_POINT ( 'NONE',  ( 72.50000000000002800, 109.9999999999999900, 0.0000000000000000000 ) ) ;
#1164 = CARTESIAN_POINT ( 'NONE',  ( 69.75000000000001400, 109.9999999999999900, -58.00000000000001400 ) ) ;
#1165 = CARTESIAN_POINT ( 'NONE',  ( 75.24999999999995700, 204.9999999999999700, -58.00000000000001400 ) ) ;
#1166 = DIRECTION ( 'NONE',  ( -1.000000000000000000, 1.836970198721029700E-016, 0.0000000000000000000 ) ) ;
#1167 = CARTESIAN_POINT ( 'NONE',  ( 59.00000000000000700, 102.7733711950120500, 48.35460521343080800 ) ) ;
#1168 = CARTESIAN_POINT ( 'NONE',  ( 69.75000000000001400, 109.9999999999999900, 2.999999999999995600 ) ) ;
#1169 = CARTESIAN_POINT ( 'NONE',  ( -72.50000000000002800, 109.9999999999999900, 0.0000000000000000000 ) ) ;
#1170 = DIRECTION ( 'NONE',  ( 1.000000000000000000, 0.0000000000000000000, 0.0000000000000000000 ) ) ;
#1171 = CARTESIAN_POINT ( 'NONE',  ( -51.00000000000002100, 36.93902600667860300, -22.00197898065489700 ) ) ;
#1172 = CARTESIAN_POINT ( 'NONE',  ( 80.99999999999998600, 204.9999999999998900, 5.000000000000000000 ) ) ;
#1173 = CARTESIAN_POINT ( 'NONE',  ( -66.00000000000000000, 14.99999999999998800, 0.0000000000000000000 ) ) ;
#1174 = CARTESIAN_POINT ( 'NONE',  ( 65.99999999999988600, -1.387778780781445700E-014, 5.000000000000000000 ) ) ;
#1175 = DIRECTION ( 'NONE',  ( -0.0000000000000000000, -0.0000000000000000000, 1.000000000000000000 ) ) ;
#1176 = DIRECTION ( 'NONE',  ( -0.0000000000000000000, -0.0000000000000000000, -1.000000000000000000 ) ) ;
#1177 = CARTESIAN_POINT ( 'NONE',  ( 69.74999999999995700, 204.9999999999999700, -58.00000000000001400 ) ) ;
#1178 = DIRECTION ( 'NONE',  ( -0.0000000000000000000, -0.0000000000000000000, 1.000000000000000000 ) ) ;
#1179 = DIRECTION ( 'NONE',  ( 1.000000000000000000, -0.0000000000000000000, -0.0000000000000000000 ) ) ;
#1180 = CARTESIAN_POINT ( 'NONE',  ( -60.09422736537586500, 190.9050832013772400, 0.0000000000000000000 ) ) ;
#1181 = CARTESIAN_POINT ( 'NONE',  ( -59.00000000000002100, 32.68518518518518300, 0.0000000000000000000 ) ) ;
#1182 = DIRECTION ( 'NONE',  ( -1.460819769243628900E-016, 1.000000000000000000, -0.0000000000000000000 ) ) ;
#1183 = CARTESIAN_POINT ( 'NONE',  ( 72.50000000000002800, 109.9999999999999900, 5.000000000000000000 ) ) ;
#1184 = CARTESIAN_POINT ( 'NONE',  ( -55.68629150101525500, 24.53703703703703800, 0.0000000000000000000 ) ) ;
#1185 = DIRECTION ( 'NONE',  ( -0.0000000000000000000, -0.0000000000000000000, -1.000000000000000000 ) ) ;
#1186 = DIRECTION ( 'NONE',  ( 8.174144250689753800E-017, -0.7301839288142163400, 0.6832506349074514200 ) ) ;
#1187 = CARTESIAN_POINT ( 'NONE',  ( -51.00000000000002100, 36.93902600667861700, -22.00197898065488300 ) ) ;
#1188 = CARTESIAN_POINT ( 'NONE',  ( -59.00000000000001400, 27.91211050822521100, 0.0000000000000000000 ) ) ;
#1189 = DIRECTION ( 'NONE',  ( -0.0000000000000000000, 0.1898237547074646800, -0.9818181818181818100 ) ) ;
#1190 = DIRECTION ( 'NONE',  ( 0.0000000000000000000, -0.9818181818181818100, -0.1898237547074644900 ) ) ;
#1191 = CARTESIAN_POINT ( 'NONE',  ( 51.00000000000000700, 36.93902600667859600, -22.00197898065487600 ) ) ;
#1192 = CARTESIAN_POINT ( 'NONE',  ( 52.04160154649129300, 195.1913067905719900, -0.0000000000000000000 ) ) ;
#1193 = CARTESIAN_POINT ( 'NONE',  ( 51.52746143014952200, 195.2488586709062600, 0.0000000000000000000 ) ) ;
#1194 = CARTESIAN_POINT ( 'NONE',  ( 51.00000000000000700, 24.53703703703703800, 0.0000000000000000000 ) ) ;
#1195 = CARTESIAN_POINT ( 'NONE',  ( 59.00000000000001400, 32.68518518518519000, 0.0000000000000000000 ) ) ;
#1196 = DIRECTION ( 'NONE',  ( -1.000000000000000000, -0.0000000000000000000, 1.196361017915039200E-016 ) ) ;
#1197 = CARTESIAN_POINT ( 'NONE',  ( -59.00000000000001400, 102.7733711950120500, 48.35460521343080800 ) ) ;
#1198 = DIRECTION ( 'NONE',  ( -1.440282773934300500E-016, 0.0000000000000000000, -1.000000000000000000 ) ) ;
#1199 = CARTESIAN_POINT ( 'NONE',  ( 55.68629150101526200, 24.53703703703703100, 0.0000000000000000000 ) ) ;
#1200 = CARTESIAN_POINT ( 'NONE',  ( 59.00000000000002100, 27.91211050822522200, 0.0000000000000000000 ) ) ;
#1201 = DIRECTION ( 'NONE',  ( -0.0000000000000000000, -0.0000000000000000000, 1.000000000000000000 ) ) ;
#1202 = DIRECTION ( 'NONE',  ( 0.0000000000000000000, 0.0000000000000000000, 1.000000000000000000 ) ) ;
#1203 = DIRECTION ( 'NONE',  ( -1.000000000000000000, 0.0000000000000000000, 0.0000000000000000000 ) ) ;
#1204 = CARTESIAN_POINT ( 'NONE',  ( 51.00000000000000700, 102.7733711950120500, 48.35460521343080800 ) ) ;
#1205 = CARTESIAN_POINT ( 'NONE',  ( -69.75000000000005700, 204.9999999999998900, -58.00000000000001400 ) ) ;
#1206 = DIRECTION ( 'NONE',  ( 1.000000000000000000, -0.0000000000000000000, -0.0000000000000000000 ) ) ;
#1207 = CARTESIAN_POINT ( 'NONE',  ( 69.75000000000000000, 15.00000000000008900, -58.00000000000001400 ) ) ;
#1208 = DIRECTION ( 'NONE',  ( -1.304860074461723800E-016, 0.0000000000000000000, -1.000000000000000000 ) ) ;
#1209 = DIRECTION ( 'NONE',  ( 1.000000000000000000, 0.0000000000000000000, -1.196361017915039200E-016 ) ) ;
#1210 = CARTESIAN_POINT ( 'NONE',  ( -51.00000000000001400, 102.7733711950120500, 48.35460521343080800 ) ) ;
#1211 = CARTESIAN_POINT ( 'NONE',  ( 80.99999999999997200, 204.9999999999998900, 0.0000000000000000000 ) ) ;
#1212 = CARTESIAN_POINT ( 'NONE',  ( -81.00000000000002800, 102.7733711950120500, -58.00000000000000700 ) ) ;
#1213 = DIRECTION ( 'NONE',  ( 1.000000000000000000, 0.0000000000000000000, 0.0000000000000000000 ) ) ;
#1214 = CARTESIAN_POINT ( 'NONE',  ( -69.75000000000000000, 15.00000000000008900, -58.00000000000001400 ) ) ;
#1215 = DIRECTION ( 'NONE',  ( 1.734723475976807700E-015, 0.6832506349074513000, 0.7301839288142164500 ) ) ;
#1216 = CARTESIAN_POINT ( 'NONE',  ( 51.00000000000000700, 36.93902600667861700, -22.00197898065488300 ) ) ;
#1217 = DIRECTION ( 'NONE',  ( -0.0000000000000000000, -0.7301839288142163400, 0.6832506349074514200 ) ) ;
#1218 = CARTESIAN_POINT ( 'NONE',  ( 65.99999999999997200, 204.9999999999999700, 3.000000000000000000 ) ) ;
#1219 = CARTESIAN_POINT ( 'NONE',  ( -51.00000000000002100, 24.53703703703703800, 0.0000000000000000000 ) ) ;
#1220 = CARTESIAN_POINT ( 'NONE',  ( 53.06247093058490100, 194.9633125207232400, -0.0000000000000000000 ) ) ;
#1221 = CARTESIAN_POINT ( 'NONE',  ( 53.56887739230024400, 194.7910377731683700, 0.0000000000000000000 ) ) ;
#1222 = CARTESIAN_POINT ( 'NONE',  ( 54.53451139448641500, 194.3403905415177600, -0.0000000000000000000 ) ) ;
#1223 = CARTESIAN_POINT ( 'NONE',  ( 54.99444643759303400, 194.0640246652105500, 0.0000000000000000000 ) ) ;
#1224 = CARTESIAN_POINT ( 'NONE',  ( 55.65168894664669400, 193.5685812069287400, -0.0000000000000000000 ) ) ;
#1225 = CARTESIAN_POINT ( 'NONE',  ( 55.86439896207810600, 193.3903144127846500, 0.0000000000000000000 ) ) ;
#1226 = CARTESIAN_POINT ( 'NONE',  ( 56.26948048169516200, 193.0143352381021500, -0.0000000000000000000 ) ) ;
#1227 = CARTESIAN_POINT ( 'NONE',  ( 57.01007364682085000, 192.1757596661005300, 0.0000000000000000000 ) ) ;
#1228 = CARTESIAN_POINT ( 'NONE',  ( 56.83371925394806100, 192.3961030584967800, -0.0000000000000000000 ) ) ;
#1229 = CARTESIAN_POINT ( 'NONE',  ( 56.46319975973919700, 192.8155989395634200, 0.0000000000000000000 ) ) ;
#1230 = CARTESIAN_POINT ( 'NONE',  ( 57.34412632034302200, 191.7141738287742200, -0.0000000000000000000 ) ) ;
#1231 = CARTESIAN_POINT ( 'NONE',  ( 57.50193782627386700, 191.4724013639046500, 0.0000000000000000000 ) ) ;
#1232 = CARTESIAN_POINT ( 'NONE',  ( 57.92830176350945200, 190.7196712841321800, 0.0000000000000000000 ) ) ;
#1233 = CARTESIAN_POINT ( 'NONE',  ( 57.79410373843522600, 190.9747820209836700, -0.0000000000000000000 ) ) ;
#1234 = CARTESIAN_POINT ( 'NONE',  ( 58.17536684928791900, 190.1926737262509700, -0.0000000000000000000 ) ) ;
#1235 = CARTESIAN_POINT ( 'NONE',  ( 58.28795227884085500, 189.9213636998809100, 0.0000000000000000000 ) ) ;
#1236 = CARTESIAN_POINT ( 'NONE',  ( 58.48870046637576800, 189.3685070932201900, -0.0000000000000000000 ) ) ;
#1237 = CARTESIAN_POINT ( 'NONE',  ( 58.57802412308326700, 189.0833687326093600, 0.0000000000000000000 ) ) ;
#1238 = CARTESIAN_POINT ( 'NONE',  ( 58.73110661190176500, 188.5055360564489000, -0.0000000000000000000 ) ) ;
#1239 = DIRECTION ( 'NONE',  ( -0.0000000000000000000, -0.0000000000000000000, -1.000000000000000000 ) ) ;
#1240 = CARTESIAN_POINT ( 'NONE',  ( -61.00000000000002800, 186.1162899133372500, 0.0000000000000000000 ) ) ;
#1241 = CARTESIAN_POINT ( 'NONE',  ( 51.00000000000000700, 195.2488586709062000, 0.0000000000000000000 ) ) ;
#1242 = DIRECTION ( 'NONE',  ( 1.000000000000000000, 0.0000000000000000000, 0.0000000000000000000 ) ) ;
#1243 = DIRECTION ( 'NONE',  ( -0.0000000000000000000, -0.0000000000000000000, -1.000000000000000000 ) ) ;
#1244 = CARTESIAN_POINT ( 'NONE',  ( 72.50000000000002800, 109.9999999999999900, 5.000000000000000000 ) ) ;
#1245 = CARTESIAN_POINT ( 'NONE',  ( 75.25000000000002800, 109.9999999999999900, 2.999999999999995600 ) ) ;
#1246 = DIRECTION ( 'NONE',  ( 0.7071067811865536800, 0.0000000000000000000, 0.7071067811865413600 ) ) ;
#1247 = DIRECTION ( 'NONE',  ( 0.0000000000000000000, 1.728339328721160500E-015, 1.000000000000000000 ) ) ;
#1248 = DIRECTION ( 'NONE',  ( 0.0000000000000000000, 0.0000000000000000000, 1.000000000000000000 ) ) ;
#1249 = CARTESIAN_POINT ( 'NONE',  ( 72.49999999999995700, 204.9999999999999700, 0.0000000000000000000 ) ) ;
#1250 = DIRECTION ( 'NONE',  ( 1.000000000000000000, 1.734723475976807100E-015, 0.0000000000000000000 ) ) ;
#1251 = DIRECTION ( 'NONE',  ( 0.0000000000000000000, 0.0000000000000000000, 1.000000000000000000 ) ) ;
#1252 = DIRECTION ( 'NONE',  ( -0.7071067811865536800, 8.659560562355009300E-017, 0.7071067811865413600 ) ) ;
#1253 = DIRECTION ( 'NONE',  ( 0.0000000000000000000, -1.000000000000000000, 0.0000000000000000000 ) ) ;
#1254 = DIRECTION ( 'NONE',  ( 0.0000000000000000000, 0.0000000000000000000, 1.000000000000000000 ) ) ;
#1255 = DIRECTION ( 'NONE',  ( 0.0000000000000000000, 0.0000000000000000000, 1.000000000000000000 ) ) ;
#1256 = DIRECTION ( 'NONE',  ( -0.0000000000000000000, -0.0000000000000000000, 1.000000000000000000 ) ) ;
#1257 = DIRECTION ( 'NONE',  ( -0.0000000000000000000, -0.0000000000000000000, 1.000000000000000000 ) ) ;
#1258 = CARTESIAN_POINT ( 'NONE',  ( -66.00000000000000000, 14.99999999999998800, 3.000000000000000000 ) ) ;
#1259 = DIRECTION ( 'NONE',  ( 1.000000000000000000, 0.0000000000000000000, 0.0000000000000000000 ) ) ;
#1260 = DIRECTION ( 'NONE',  ( -0.0000000000000000000, -0.0000000000000000000, -1.000000000000000000 ) ) ;
#1261 = DIRECTION ( 'NONE',  ( -0.0000000000000000000, -0.0000000000000000000, 1.000000000000000000 ) ) ;
#1262 = DIRECTION ( 'NONE',  ( 1.000000000000000000, 0.0000000000000000000, 0.0000000000000000000 ) ) ;
#1263 = DIRECTION ( 'NONE',  ( -1.460819769243628900E-016, 1.000000000000000000, -0.0000000000000000000 ) ) ;
#1264 = CARTESIAN_POINT ( 'NONE',  ( -53.76433644350352400, 197.0694909391270100, -0.0000000000000000000 ) ) ;
#1265 = CARTESIAN_POINT ( 'NONE',  ( 75.25000000000002800, 109.9999999999999900, -58.00000000000001400 ) ) ;
#1266 = CARTESIAN_POINT ( 'NONE',  ( 69.75000000000000000, 15.00000000000008900, 2.999999999999995600 ) ) ;
#1267 = CARTESIAN_POINT ( 'NONE',  ( -53.42632853790030400, 197.1714150432128500, 0.0000000000000000000 ) ) ;
#1268 = CARTESIAN_POINT ( 'NONE',  ( 58.74699358712047100, 193.3619443476496500, 0.0000000000000000000 ) ) ;
#1269 = CARTESIAN_POINT ( 'NONE',  ( 60.09165793349448800, 190.9114181296507700, -0.0000000000000000000 ) ) ;
#1270 = DIRECTION ( 'NONE',  ( 0.0000000000000000000, -1.000000000000000000, 0.0000000000000000000 ) ) ;
#1271 = CARTESIAN_POINT ( 'NONE',  ( 57.86318865499479400, 194.4615650486733200, 0.0000000000000000000 ) ) ;
#1272 = CARTESIAN_POINT ( 'NONE',  ( -51.00000000000002100, 22.50000000000000400, 0.0000000000000000000 ) ) ;
#1273 = CARTESIAN_POINT ( 'NONE',  ( 53.76135502657302800, 197.0702741940782200, 0.0000000000000000000 ) ) ;
#1274 = CARTESIAN_POINT ( 'NONE',  ( 56.26375682284388100, 195.8233304480536700, -0.0000000000000000000 ) ) ;
#1275 = CARTESIAN_POINT ( 'NONE',  ( 53.42131447245858300, 197.1728828284215600, -0.0000000000000000000 ) ) ;
#1276 = CARTESIAN_POINT ( 'NONE',  ( -61.00000000000001400, 26.71884183898521700, 0.0000000000000000000 ) ) ;
#1277 = CARTESIAN_POINT ( 'NONE',  ( 51.00000000000000700, 197.5000000000000000, 0.0000000000000000000 ) ) ;
#1278 = CARTESIAN_POINT ( 'NONE',  ( 57.36771215522375700, 194.9551529698137800, -0.0000000000000000000 ) ) ;
#1279 = CARTESIAN_POINT ( 'NONE',  ( -59.65606633739648900, 191.8696129798169900, 0.0000000000000000000 ) ) ;
#1280 = CARTESIAN_POINT ( 'NONE',  ( -59.14950434528817200, 192.7938682762127200, -0.0000000000000000000 ) ) ;
#1281 = CARTESIAN_POINT ( 'NONE',  ( -58.76051430359264300, 193.3718742838521800, 0.0000000000000000000 ) ) ;
#1282 = CARTESIAN_POINT ( 'NONE',  ( -57.86168071953424200, 194.4379469103923300, 0.0000000000000000000 ) ) ;
#1283 = CARTESIAN_POINT ( 'NONE',  ( -57.36317780567385000, 194.9344532450629700, -0.0000000000000000000 ) ) ;
#1284 = CARTESIAN_POINT ( 'NONE',  ( -58.09651595922498000, 194.1789651687146800, -0.0000000000000000000 ) ) ;
#1285 = CARTESIAN_POINT ( 'NONE',  ( -57.09797972483095700, 195.1729797049154300, 0.0000000000000000000 ) ) ;
#1286 = CARTESIAN_POINT ( 'NONE',  ( -56.27708511408712900, 195.8364912155240600, -0.0000000000000000000 ) ) ;
#1287 = CARTESIAN_POINT ( 'NONE',  ( -54.43116622498501300, 196.8252717490219100, 0.0000000000000000000 ) ) ;
#1288 = CARTESIAN_POINT ( 'NONE',  ( 58.53587751938209000, 193.6454150806509900, -0.0000000000000000000 ) ) ;
#1289 = CARTESIAN_POINT ( 'NONE',  ( -54.75381514462683400, 196.6853229594526300, -0.0000000000000000000 ) ) ;
#1290 = CARTESIAN_POINT ( 'NONE',  ( -55.69167593693495600, 196.2156241988167000, 0.0000000000000000000 ) ) ;
#1291 = CARTESIAN_POINT ( 'NONE',  ( 60.21911997669019500, 190.5808045062246700, 0.0000000000000000000 ) ) ;
#1292 = CARTESIAN_POINT ( 'NONE',  ( -61.00000000000002800, 22.49999999999999300, 0.0000000000000000000 ) ) ;
#1293 = CARTESIAN_POINT ( 'NONE',  ( -60.72064295102781300, 188.9098474013271100, -0.0000000000000000000 ) ) ;
#1294 = CARTESIAN_POINT ( 'NONE',  ( -51.00000000000002100, 197.5000000000000300, 0.0000000000000000000 ) ) ;
#1295 = CARTESIAN_POINT ( 'NONE',  ( 61.00000000000068200, 186.1162899133373100, 0.0000000000000000000 ) ) ;
#1296 = CARTESIAN_POINT ( 'NONE',  ( -60.55436760097977400, 189.5865618066336500, 0.0000000000000000000 ) ) ;
#1297 = CARTESIAN_POINT ( 'NONE',  ( 60.55569069181925100, 189.5827000074783700, -0.0000000000000000000 ) ) ;
#1298 = DIRECTION ( 'NONE',  ( 0.0000000000000000000, 0.0000000000000000000, 1.000000000000000000 ) ) ;
#1299 = CARTESIAN_POINT ( 'NONE',  ( 55.67089916257882000, 196.2055588679772000, 0.0000000000000000000 ) ) ;
#1300 = CARTESIAN_POINT ( 'NONE',  ( 56.85786437626905600, 22.49999999999999300, 0.0000000000000000000 ) ) ;
#1301 = CARTESIAN_POINT ( 'NONE',  ( -52.40389056908392700, 197.4163358092330900, -0.0000000000000000000 ) ) ;
#1302 = CARTESIAN_POINT ( 'NONE',  ( 60.72172367915359100, 188.9044948600030100, 0.0000000000000000000 ) ) ;
#1303 = CARTESIAN_POINT ( 'NONE',  ( 54.74087532340588100, 196.6911973960426700, 0.0000000000000000000 ) ) ;
#1304 = CARTESIAN_POINT ( 'NONE',  ( 59.32033071413639600, 192.4823140180487500, 0.0000000000000000000 ) ) ;
#1305 = CARTESIAN_POINT ( 'NONE',  ( 59.65608520215998600, 191.8694482286235800, -0.0000000000000000000 ) ) ;
#1306 = DIRECTION ( 'NONE',  ( 0.0000000000000000000, 1.000000000000000000, 0.0000000000000000000 ) ) ;
#1307 = CARTESIAN_POINT ( 'NONE',  ( 59.81025969687927800, 191.5552172930675300, 0.0000000000000000000 ) ) ;
#1308 = CARTESIAN_POINT ( 'NONE',  ( 51.70130658553868800, 197.5000000000000300, -0.0000000000000000000 ) ) ;
#1309 = CARTESIAN_POINT ( 'NONE',  ( 61.00000000000000700, 32.68518518518518300, 1.734723475976807100E-015 ) ) ;
#1310 = CARTESIAN_POINT ( 'NONE',  ( -61.00000000000004300, 186.8164720339800900, -0.0000000000000000000 ) ) ;
#1311 = CARTESIAN_POINT ( 'NONE',  ( 51.00000000000000700, 22.49999999999999300, 0.0000000000000000000 ) ) ;
#1312 = CARTESIAN_POINT ( 'NONE',  ( 59.13875451355739400, 192.7809510303042400, -0.0000000000000000000 ) ) ;
#1313 = CARTESIAN_POINT ( 'NONE',  ( 52.39428579659541900, 197.4180954977956900, -0.0000000000000000000 ) ) ;
#1314 = CARTESIAN_POINT ( 'NONE',  ( 54.41999325129895500, 196.8296658229963900, -0.0000000000000000000 ) ) ;
#1315 = CARTESIAN_POINT ( 'NONE',  ( 55.36632916630949800, 196.3791458287374500, -0.0000000000000000000 ) ) ;
#1316 = CARTESIAN_POINT ( 'NONE',  ( -72.50000000000001400, 15.00000000000008900, 0.0000000000000000000 ) ) ;
#1317 = CARTESIAN_POINT ( 'NONE',  ( 60.99999999999999300, 186.8162443359389000, -0.0000000000000000000 ) ) ;
#1318 = CARTESIAN_POINT ( 'NONE',  ( 60.94413346924677900, 187.5240246654376800, -0.0000000000000000000 ) ) ;
#1319 = CARTESIAN_POINT ( 'NONE',  ( 61.00000000000001400, 26.71884183898522700, 0.0000000000000000000 ) ) ;
#1320 = CARTESIAN_POINT ( 'NONE',  ( -59.81262859418325200, 191.5502460957753200, -0.0000000000000000000 ) ) ;
#1321 = DIRECTION ( 'NONE',  ( 1.000000000000000000, 0.0000000000000000000, 0.0000000000000000000 ) ) ;
#1322 = CARTESIAN_POINT ( 'NONE',  ( -51.70894436316081800, 197.4999999999999400, -0.0000000000000000000 ) ) ;
#1323 = DIRECTION ( 'NONE',  ( 1.000000000000000000, 0.0000000000000000000, 0.0000000000000000000 ) ) ;
#1324 = DIRECTION ( 'NONE',  ( -0.0000000000000000000, -0.0000000000000000000, 1.000000000000000000 ) ) ;
#1325 = CARTESIAN_POINT ( 'NONE',  ( -81.00000000000002800, 204.9999999999998900, 3.000000000000000000 ) ) ;
#1326 = DIRECTION ( 'NONE',  ( 0.0000000000000000000, 0.0000000000000000000, -1.000000000000000000 ) ) ;
#1327 = DIRECTION ( 'NONE',  ( -1.000000000000000000, -0.0000000000000000000, 1.196361017915039200E-016 ) ) ;
#1328 = CARTESIAN_POINT ( 'NONE',  ( -59.00000000000002100, 85.00000000000000000, -20.00000000000000000 ) ) ;
#1329 = CARTESIAN_POINT ( 'NONE',  ( -65.99999999999988600, -1.387778780781445700E-014, 5.000000000000000000 ) ) ;
#1330 = DIRECTION ( 'NONE',  ( -0.7071067811865536800, 8.659560562355009300E-017, 0.7071067811865413600 ) ) ;
#1331 = DIRECTION ( 'NONE',  ( -0.0000000000000000000, -0.0000000000000000000, -1.000000000000000000 ) ) ;
#1332 = DIRECTION ( 'NONE',  ( 1.174608999407493200E-016, -0.1898237547074646800, 0.9818181818181819200 ) ) ;
#1333 = DIRECTION ( 'NONE',  ( -1.000000000000000000, -0.0000000000000000000, -0.0000000000000000000 ) ) ;
#1334 = CARTESIAN_POINT ( 'NONE',  ( -65.99999999999988600, -1.387778780781445700E-014, 3.000000000000000000 ) ) ;
#1335 = CARTESIAN_POINT ( 'NONE',  ( 59.00000000000000700, 186.1162899133372800, 0.0000000000000000000 ) ) ;
#1336 = CARTESIAN_POINT ( 'NONE',  ( 58.99999999999998600, 186.7268353584047100, -0.0000000000000000000 ) ) ;
#1337 = CARTESIAN_POINT ( 'NONE',  ( 58.94822809838802900, 187.3270169725877000, -0.0000000000000000000 ) ) ;
#1338 = CARTESIAN_POINT ( 'NONE',  ( 58.79470764438040200, 188.2138059685941300, 0.0000000000000000000 ) ) ;
#1339 = CARTESIAN_POINT ( 'NONE',  ( 56.55016114870365800, 195.6156731680503400, 0.0000000000000000000 ) ) ;
#1340 = CARTESIAN_POINT ( 'NONE',  ( -61.00000000000002800, 32.68518518518518300, 0.0000000000000000000 ) ) ;
#1341 = CARTESIAN_POINT ( 'NONE',  ( -60.21994909769782800, 190.5783766359929000, -0.0000000000000000000 ) ) ;
#1342 = CARTESIAN_POINT ( 'NONE',  ( -66.00000000000002800, 204.9999999999999700, 3.000000000000000000 ) ) ;
#1343 = DIRECTION ( 'NONE',  ( 0.0000000000000000000, 0.0000000000000000000, 1.000000000000000000 ) ) ;
#1344 = CARTESIAN_POINT ( 'NONE',  ( -81.00000000000002800, 197.5000000000000000, -2.755455298081541600E-015 ) ) ;
#1345 = DIRECTION ( 'NONE',  ( 1.000000000000000000, 0.0000000000000000000, 0.0000000000000000000 ) ) ;
#1346 = CARTESIAN_POINT ( 'NONE',  ( -56.85786437626905600, 22.50000000000000000, 0.0000000000000000000 ) ) ;
#1347 = DIRECTION ( 'NONE',  ( 0.0000000000000000000, 0.0000000000000000000, 1.000000000000000000 ) ) ;
#1348 = DIRECTION ( 'NONE',  ( 1.000000000000000000, 0.0000000000000000000, 0.0000000000000000000 ) ) ;
#1349 = CARTESIAN_POINT ( 'NONE',  ( 72.50000000000001400, 15.00000000000008900, 2.999999999999995600 ) ) ;
#1350 = DIRECTION ( 'NONE',  ( -0.7071067811865513500, 8.659560562354980900E-017, 0.7071067811865438000 ) ) ;
#1351 = DIRECTION ( 'NONE',  ( -0.0000000000000000000, -0.0000000000000000000, -1.000000000000000000 ) ) ;
#1352 = CARTESIAN_POINT ( 'NONE',  ( 66.00000000000000000, 14.99999999999998600, 0.0000000000000000000 ) ) ;
#1353 = CARTESIAN_POINT ( 'NONE',  ( 75.25000000000001400, 15.00000000000008900, 2.999999999999995600 ) ) ;
#1354 = CARTESIAN_POINT ( 'NONE',  ( 72.50000000000001400, 15.00000000000008900, 5.000000000000000000 ) ) ;
#1355 = DIRECTION ( 'NONE',  ( 0.7071067811865513500, 0.0000000000000000000, 0.7071067811865438000 ) ) ;
#1356 = DIRECTION ( 'NONE',  ( 0.0000000000000000000, 0.0000000000000000000, 1.000000000000000000 ) ) ;
#1357 = DIRECTION ( 'NONE',  ( 1.000000000000000000, 0.0000000000000000000, 0.0000000000000000000 ) ) ;
#1358 = DIRECTION ( 'NONE',  ( 1.000000000000000000, 0.0000000000000000000, 0.0000000000000000000 ) ) ;
#1359 = DIRECTION ( 'NONE',  ( -0.0000000000000000000, -0.0000000000000000000, -1.000000000000000000 ) ) ;
#1360 = CARTESIAN_POINT ( 'NONE',  ( 72.50000000000001400, 15.00000000000008900, 0.0000000000000000000 ) ) ;
#1361 = DIRECTION ( 'NONE',  ( 1.000000000000000000, 0.0000000000000000000, 0.0000000000000000000 ) ) ;
#1362 = CARTESIAN_POINT ( 'NONE',  ( -72.50000000000007100, 204.9999999999998900, 0.0000000000000000000 ) ) ;
#1363 = DIRECTION ( 'NONE',  ( 0.0000000000000000000, 0.0000000000000000000, 1.000000000000000000 ) ) ;
#1364 = DIRECTION ( 'NONE',  ( 1.000000000000000000, 0.0000000000000000000, 0.0000000000000000000 ) ) ;
#1365 = CARTESIAN_POINT ( 'NONE',  ( -61.00000000000002100, 102.7733711950120500, 48.35460521343080800 ) ) ;
#1366 = DIRECTION ( 'NONE',  ( -1.000000000000000000, -0.0000000000000000000, 1.196361017915039200E-016 ) ) ;
#1367 = DIRECTION ( 'NONE',  ( -1.440282773934300500E-016, 0.0000000000000000000, -1.000000000000000000 ) ) ;
#1368 = CARTESIAN_POINT ( 'NONE',  ( -81.00000000000002800, 85.00000000000000000, -32.49999999999999300 ) ) ;
#1369 = CARTESIAN_POINT ( 'NONE',  ( -51.00000000000002800, 102.7733711950120500, -48.00000000000001400 ) ) ;
#1370 = DIRECTION ( 'NONE',  ( 0.0000000000000000000, -1.000000000000000000, -0.0000000000000000000 ) ) ;
#1371 = DIRECTION ( 'NONE',  ( 0.0000000000000000000, 0.0000000000000000000, -1.000000000000000000 ) ) ;
#1372 = DIRECTION ( 'NONE',  ( 1.000000000000000000, -0.0000000000000000000, -0.0000000000000000000 ) ) ;
#1373 = CARTESIAN_POINT ( 'NONE',  ( -51.00000000000002100, 36.93902600667859600, -22.00197898065487600 ) ) ;
#1374 = DIRECTION ( 'NONE',  ( 0.0000000000000000000, -0.7301839288142162300, 0.6832506349074515300 ) ) ;
#1375 = DIRECTION ( 'NONE',  ( 0.0000000000000000000, -0.6832506349074515300, -0.7301839288142161200 ) ) ;
#1376 = DIRECTION ( 'NONE',  ( 1.000000000000000000, -0.0000000000000000000, -0.0000000000000000000 ) ) ;
#1377 = CARTESIAN_POINT ( 'NONE',  ( -81.00000000000002800, 85.00000000000000000, -7.500000000000008000 ) ) ;
#1378 = CARTESIAN_POINT ( 'NONE',  ( -61.00000000000002800, 85.00000000000000000, -20.00000000000000000 ) ) ;
#1379 = DIRECTION ( 'NONE',  ( -1.000000000000000000, -0.0000000000000000000, 1.196361017915039200E-016 ) ) ;
#1380 = DIRECTION ( 'NONE',  ( 0.0000000000000000000, 0.0000000000000000000, -1.000000000000000000 ) ) ;
#1381 = CARTESIAN_POINT ( 'NONE',  ( 61.00000000000001400, 85.00000000000000000, -20.00000000000000000 ) ) ;
#1382 = DIRECTION ( 'NONE',  ( 1.000000000000000000, -0.0000000000000000000, -0.0000000000000000000 ) ) ;
#1383 = DIRECTION ( 'NONE',  ( 0.0000000000000000000, 0.0000000000000000000, 1.000000000000000000 ) ) ;
#1384 = CARTESIAN_POINT ( 'NONE',  ( -54.00000000000003600, 85.00000000000000000, -20.00000000000000000 ) ) ;
#1385 = DIRECTION ( 'NONE',  ( 1.000000000000000000, 0.0000000000000000000, -1.196361017915039200E-016 ) ) ;
#1386 = DIRECTION ( 'NONE',  ( 0.0000000000000000000, 0.0000000000000000000, -1.000000000000000000 ) ) ;
#1387 = CARTESIAN_POINT ( 'NONE',  ( -54.00000000000003600, 85.00000000000000000, -0.5000000000000073300 ) ) ;
#1388 = DIRECTION ( 'NONE',  ( -1.465119691214322200E-032, 1.000000000000000000, -1.224646799147353200E-016 ) ) ;
#1389 = DIRECTION ( 'NONE',  ( 0.0000000000000000000, 0.0000000000000000000, 1.000000000000000000 ) ) ;
#1390 = DIRECTION ( 'NONE',  ( 1.000000000000000000, -0.0000000000000000000, -0.0000000000000000000 ) ) ;
#1391 = CARTESIAN_POINT ( 'NONE',  ( -54.00000000000003600, 85.00000000000000000, -39.49999999999999300 ) ) ;
#1392 = DIRECTION ( 'NONE',  ( 0.0000000000000000000, -1.000000000000000000, -0.0000000000000000000 ) ) ;
#1393 = DIRECTION ( 'NONE',  ( 0.0000000000000000000, 0.0000000000000000000, -1.000000000000000000 ) ) ;
#1394 = CARTESIAN_POINT ( 'NONE',  ( -81.00000000000002800, 85.00000000000000000, -34.49999999999998600 ) ) ;
#1395 = CARTESIAN_POINT ( 'NONE',  ( 54.00000000000000700, 85.00000000000000000, -20.00000000000000000 ) ) ;
#1396 = DIRECTION ( 'NONE',  ( -1.000000000000000000, 0.0000000000000000000, 0.0000000000000000000 ) ) ;
#1397 = DIRECTION ( 'NONE',  ( 0.0000000000000000000, 0.0000000000000000000, 1.000000000000000000 ) ) ;
#1398 = CARTESIAN_POINT ( 'NONE',  ( 54.00000000000000700, 85.00000000000000000, -39.49999999999999300 ) ) ;
#1399 = DIRECTION ( 'NONE',  ( 0.0000000000000000000, 1.000000000000000000, 1.224646799147353200E-016 ) ) ;
#1400 = DIRECTION ( 'NONE',  ( 0.0000000000000000000, 0.0000000000000000000, 1.000000000000000000 ) ) ;
#1401 = CARTESIAN_POINT ( 'NONE',  ( 59.00000000000000700, 85.00000000000000000, -20.00000000000000000 ) ) ;
#1402 = DIRECTION ( 'NONE',  ( 1.000000000000000000, -0.0000000000000000000, -0.0000000000000000000 ) ) ;
#1403 = DIRECTION ( 'NONE',  ( 0.0000000000000000000, 0.0000000000000000000, 1.000000000000000000 ) ) ;
#1404 = CARTESIAN_POINT ( 'NONE',  ( 54.00000000000000700, 85.00000000000000000, -0.5000000000000073300 ) ) ;
#1405 = DIRECTION ( 'NONE',  ( 0.0000000000000000000, -1.000000000000000000, 0.0000000000000000000 ) ) ;
#1406 = DIRECTION ( 'NONE',  ( 0.0000000000000000000, 0.0000000000000000000, -1.000000000000000000 ) ) ;
#1407 = DIRECTION ( 'NONE',  ( 1.000000000000000000, -0.0000000000000000000, -0.0000000000000000000 ) ) ;
#1408 = CARTESIAN_POINT ( 'NONE',  ( -81.00000000000002800, 85.00000000000000000, -5.500000000000008000 ) ) ;
#1409 = CARTESIAN_POINT ( 'NONE',  ( -54.00000000000003600, 85.00000000000000000, -20.00000000000000000 ) ) ;
#1410 = DIRECTION ( 'NONE',  ( 1.000000000000000000, 0.0000000000000000000, -1.196361017915039200E-016 ) ) ;
#1411 = DIRECTION ( 'NONE',  ( 0.0000000000000000000, 0.0000000000000000000, -1.000000000000000000 ) ) ;
#1412 = DIRECTION ( 'NONE',  ( -0.0000000000000000000, -0.0000000000000000000, 1.000000000000000000 ) ) ;
#1413 = CARTESIAN_POINT ( 'NONE',  ( 54.00000000000000700, 85.00000000000000000, -20.00000000000000000 ) ) ;
#1414 = DIRECTION ( 'NONE',  ( -1.000000000000000000, 0.0000000000000000000, 0.0000000000000000000 ) ) ;
#1415 = DIRECTION ( 'NONE',  ( 0.0000000000000000000, 0.0000000000000000000, 1.000000000000000000 ) ) ;
#1416 = DIRECTION ( 'NONE',  ( 0.7071067811865513500, 0.0000000000000000000, 0.7071067811865438000 ) ) ;
#1417 = CARTESIAN_POINT ( 'NONE',  ( 75.24999999999995700, 204.9999999999999700, 2.999999999999995600 ) ) ;
#1418 = CARTESIAN_POINT ( 'NONE',  ( -75.25000000000007100, 204.9999999999998900, -58.00000000000001400 ) ) ;
#1419 = CARTESIAN_POINT ( 'NONE',  ( -59.00000000000001400, 102.7733711950120500, 48.35460521343080800 ) ) ;
#1420 = DIRECTION ( 'NONE',  ( -1.000000000000000000, -0.0000000000000000000, 1.196361017915039200E-016 ) ) ;
#1421 = DIRECTION ( 'NONE',  ( -1.440282773934300500E-016, -8.641696643605802700E-016, -1.000000000000000000 ) ) ;
#1422 = CARTESIAN_POINT ( 'NONE',  ( 72.50000000000002800, 109.9999999999999900, 2.999999999999995600 ) ) ;
#1423 = DIRECTION ( 'NONE',  ( 0.0000000000000000000, 0.0000000000000000000, 1.000000000000000000 ) ) ;
#1424 = DIRECTION ( 'NONE',  ( 1.000000000000000000, 0.0000000000000000000, 0.0000000000000000000 ) ) ;
#1425 = CARTESIAN_POINT ( 'NONE',  ( -75.25000000000001400, 15.00000000000008900, 2.999999999999995600 ) ) ;
#1426 = DIRECTION ( 'NONE',  ( -0.7071067811865513500, 8.659560562354980900E-017, 0.7071067811865438000 ) ) ;
#1427 = CARTESIAN_POINT ( 'NONE',  ( 72.49999999999995700, 204.9999999999999700, 5.000000000000000000 ) ) ;
#1428 = DIRECTION ( 'NONE',  ( -0.0000000000000000000, -0.0000000000000000000, -1.000000000000000000 ) ) ;
#1429 = DIRECTION ( 'NONE',  ( 1.000000000000000000, 0.0000000000000000000, 0.0000000000000000000 ) ) ;
#1430 = CARTESIAN_POINT ( 'NONE',  ( -72.50000000000002800, 109.9999999999999900, 2.999999999999995600 ) ) ;
#1431 = DIRECTION ( 'NONE',  ( 0.0000000000000000000, 0.0000000000000000000, 1.000000000000000000 ) ) ;
#1432 = DIRECTION ( 'NONE',  ( 1.000000000000000000, 0.0000000000000000000, 0.0000000000000000000 ) ) ;
#1433 = CARTESIAN_POINT ( 'NONE',  ( -81.00000000000002800, 30.10651965760409600, -29.30381826879702700 ) ) ;
#1434 = CARTESIAN_POINT ( 'NONE',  ( -72.50000000000001400, 15.00000000000008900, 2.999999999999995600 ) ) ;
#1435 = DIRECTION ( 'NONE',  ( 0.0000000000000000000, 0.0000000000000000000, 1.000000000000000000 ) ) ;
#1436 = DIRECTION ( 'NONE',  ( 1.000000000000000000, 0.0000000000000000000, 0.0000000000000000000 ) ) ;
#1437 = DIRECTION ( 'NONE',  ( -1.000000000000000000, 0.0000000000000000000, 0.0000000000000000000 ) ) ;
#1438 = CARTESIAN_POINT ( 'NONE',  ( -72.50000000000001400, 15.00000000000008900, 5.000000000000000000 ) ) ;
#1439 = DIRECTION ( 'NONE',  ( -0.0000000000000000000, -0.0000000000000000000, -1.000000000000000000 ) ) ;
#1440 = DIRECTION ( 'NONE',  ( 1.000000000000000000, 0.0000000000000000000, 0.0000000000000000000 ) ) ;
#1441 = CARTESIAN_POINT ( 'NONE',  ( 65.99999999999985800, 219.9999999999999700, 5.000000000000000000 ) ) ;
#1442 = CARTESIAN_POINT ( 'NONE',  ( -75.25000000000001400, 15.00000000000008900, -58.00000000000001400 ) ) ;
#1443 = CARTESIAN_POINT ( 'NONE',  ( -72.50000000000001400, 15.00000000000008900, 0.0000000000000000000 ) ) ;
#1444 = DIRECTION ( 'NONE',  ( 0.0000000000000000000, 0.0000000000000000000, 1.000000000000000000 ) ) ;
#1445 = DIRECTION ( 'NONE',  ( 1.000000000000000000, 0.0000000000000000000, 0.0000000000000000000 ) ) ;
#1446 = CARTESIAN_POINT ( 'NONE',  ( -69.75000000000000000, 15.00000000000008900, 2.999999999999995600 ) ) ;
#1447 = DIRECTION ( 'NONE',  ( 1.460819769243628900E-016, -1.000000000000000000, 0.0000000000000000000 ) ) ;
#1448 = DIRECTION ( 'NONE',  ( 0.7071067811865513500, 0.0000000000000000000, 0.7071067811865438000 ) ) ;
#1449 = DIRECTION ( 'NONE',  ( -0.0000000000000000000, -0.0000000000000000000, 1.000000000000000000 ) ) ;
#1450 = CARTESIAN_POINT ( 'NONE',  ( 69.74999999999995700, 204.9999999999999700, 2.999999999999995600 ) ) ;
#1451 = CARTESIAN_POINT ( 'NONE',  ( -81.00000000000002800, 204.9999999999998900, 0.0000000000000000000 ) ) ;
#1452 = DIRECTION ( 'NONE',  ( -0.7071067811865513500, 8.659560562354980900E-017, 0.7071067811865438000 ) ) ;
#1453 = DIRECTION ( 'NONE',  ( -0.0000000000000000000, -0.0000000000000000000, -1.000000000000000000 ) ) ;
#1454 = CARTESIAN_POINT ( 'NONE',  ( -81.00000000000000000, 15.00000000000008900, 5.000000000000000000 ) ) ;
#1455 = DIRECTION ( 'NONE',  ( -0.0000000000000000000, -0.0000000000000000000, -1.000000000000000000 ) ) ;
#1456 = CARTESIAN_POINT ( 'NONE',  ( 59.00000000000000700, 43.12778181352326400, -54.01184509755346100 ) ) ;
#1457 = CARTESIAN_POINT ( 'NONE',  ( 81.00000000000000000, 15.00000000000009100, 5.000000000000000000 ) ) ;
#1458 = CARTESIAN_POINT ( 'NONE',  ( -66.00000000000002800, 204.9999999999999700, 0.0000000000000000000 ) ) ;
#1459 = DIRECTION ( 'NONE',  ( 0.0000000000000000000, 0.0000000000000000000, 1.000000000000000000 ) ) ;
#1460 = DIRECTION ( 'NONE',  ( 1.000000000000000000, 0.0000000000000000000, 0.0000000000000000000 ) ) ;
#1461 = CARTESIAN_POINT ( 'NONE',  ( -59.00000000000002100, 22.49999999999999300, -5.981805089575201100E-016 ) ) ;
#1462 = DIRECTION ( 'NONE',  ( 1.000000000000000000, -0.0000000000000000000, 0.0000000000000000000 ) ) ;
#1463 = DIRECTION ( 'NONE',  ( 0.0000000000000000000, -1.000000000000000000, 0.0000000000000000000 ) ) ;
#1464 = DIRECTION ( 'NONE',  ( -0.0000000000000000000, -0.0000000000000000000, -1.000000000000000000 ) ) ;
#1465 = CARTESIAN_POINT ( 'NONE',  ( -65.99999999999988600, -1.387778780781445700E-014, 0.0000000000000000000 ) ) ;
#1466 = DIRECTION ( 'NONE',  ( 1.000000000000000000, 0.0000000000000000000, 0.0000000000000000000 ) ) ;
#1467 = CARTESIAN_POINT ( 'NONE',  ( 59.00000000000000700, 22.49999999999999300, 0.0000000000000000000 ) ) ;
#1468 = CARTESIAN_POINT ( 'NONE',  ( -81.00000000000002800, 29.08448055213314400, -23.52056901831459300 ) ) ;
#1469 = DIRECTION ( 'NONE',  ( 0.0000000000000000000, 1.000000000000000000, 0.0000000000000000000 ) ) ;
#1470 = DIRECTION ( 'NONE',  ( -0.0000000000000000000, 0.1898237547074646800, -0.9818181818181819200 ) ) ;
#1471 = CARTESIAN_POINT ( 'NONE',  ( -59.00000000000002100, 186.7288590124675000, 0.0000000000000000000 ) ) ;
#1472 = CARTESIAN_POINT ( 'NONE',  ( -58.94799717325198400, 187.3278757493129400, -0.0000000000000000000 ) ) ;
#1473 = CARTESIAN_POINT ( 'NONE',  ( -59.00000000000002100, 85.00000000000000000, -20.00000000000000000 ) ) ;
#1474 = DIRECTION ( 'NONE',  ( -1.000000000000000000, -0.0000000000000000000, 1.196361017915039200E-016 ) ) ;
#1475 = DIRECTION ( 'NONE',  ( 0.0000000000000000000, 0.0000000000000000000, -1.000000000000000000 ) ) ;
#1476 = CARTESIAN_POINT ( 'NONE',  ( -59.00000000000002100, 186.1162899133372500, 0.0000000000000000000 ) ) ;
#1477 = CARTESIAN_POINT ( 'NONE',  ( -58.74463465244048900, 188.5034119846275200, -0.0000000000000000000 ) ) ;
#1478 = CARTESIAN_POINT ( 'NONE',  ( -58.59230601218050100, 189.0818290791003200, 0.0000000000000000000 ) ) ;
#1479 = CARTESIAN_POINT ( 'NONE',  ( -58.18756831116422700, 190.1994743098451300, -0.0000000000000000000 ) ) ;
#1480 = CARTESIAN_POINT ( 'NONE',  ( -57.94142225796020500, 190.7232650026641600, 0.0000000000000000000 ) ) ;
#1481 = CARTESIAN_POINT ( 'NONE',  ( -57.50611896241160500, 191.4653958394849000, -0.0000000000000000000 ) ) ;
#1482 = CARTESIAN_POINT ( 'NONE',  ( -57.35068666198179700, 191.7042041525508900, 0.0000000000000000000 ) ) ;
#1483 = CARTESIAN_POINT ( 'NONE',  ( -57.01812767703915300, 192.1652581176728300, -0.0000000000000000000 ) ) ;
#1484 = CARTESIAN_POINT ( 'NONE',  ( -56.83945062192269400, 192.3892614417063400, 0.0000000000000000000 ) ) ;
#1485 = CARTESIAN_POINT ( 'NONE',  ( -56.27977634070897800, 193.0242442752796700, -0.0000000000000000000 ) ) ;
#1486 = CARTESIAN_POINT ( 'NONE',  ( -55.87814566165757000, 193.3966742994543900, 0.0000000000000000000 ) ) ;
#1487 = CARTESIAN_POINT ( 'NONE',  ( -55.22707565967542800, 193.8891510051047100, -0.0000000000000000000 ) ) ;
#1488 = CARTESIAN_POINT ( 'NONE',  ( -55.00319202373636800, 194.0412336763214100, 0.0000000000000000000 ) ) ;
#1489 = CARTESIAN_POINT ( 'NONE',  ( -54.53979119548124300, 194.3214941566355700, -0.0000000000000000000 ) ) ;
#1490 = CARTESIAN_POINT ( 'NONE',  ( -54.29989070552451800, 194.4496261859504800, 0.0000000000000000000 ) ) ;
#1491 = CARTESIAN_POINT ( 'NONE',  ( -53.57511293829335800, 194.7885637425898200, -0.0000000000000000000 ) ) ;
#1492 = CARTESIAN_POINT ( 'NONE',  ( -53.07975639019271300, 194.9583059650964300, 0.0000000000000000000 ) ) ;
#1493 = CARTESIAN_POINT ( 'NONE',  ( -52.30966357987595900, 195.1319962856354700, -0.0000000000000000000 ) ) ;
#1494 = CARTESIAN_POINT ( 'NONE',  ( -52.04926208353511200, 195.1759220514975900, 0.0000000000000000000 ) ) ;
#1495 = CARTESIAN_POINT ( 'NONE',  ( -51.52683411597095600, 195.2342615519175400, -0.0000000000000000000 ) ) ;
#1496 = CARTESIAN_POINT ( 'NONE',  ( -51.26482666402787200, 195.2488586709062000, 0.0000000000000000000 ) ) ;
#1497 = CARTESIAN_POINT ( 'NONE',  ( -51.00000000000002800, 195.2488586709062000, 0.0000000000000000000 ) ) ;
#1498 = CARTESIAN_POINT ( 'NONE',  ( -81.00000000000002800, 102.7733711950120500, -56.00000000000000700 ) ) ;
#1499 = DIRECTION ( 'NONE',  ( 1.000000000000000000, -0.0000000000000000000, -0.0000000000000000000 ) ) ;
#1500 = CARTESIAN_POINT ( 'NONE',  ( -51.00000000000002800, 102.7733711950120500, 48.35460521343080800 ) ) ;
#1501 = DIRECTION ( 'NONE',  ( 1.000000000000000000, -0.0000000000000000000, -0.0000000000000000000 ) ) ;
#1502 = DIRECTION ( 'NONE',  ( 0.0000000000000000000, 0.0000000000000000000, -1.000000000000000000 ) ) ;
#1503 = DIRECTION ( 'NONE',  ( 0.0000000000000000000, 0.1898237547074646800, -0.9818181818181819200 ) ) ;
#1504 = CARTESIAN_POINT ( 'NONE',  ( 51.00000000000000700, 23.65289256198346700, 4.573026817952556800 ) ) ;
#1505 = CARTESIAN_POINT ( 'NONE',  ( -51.00000000000002800, 102.7733711950120500, -48.00000000000001400 ) ) ;
#1506 = DIRECTION ( 'NONE',  ( 0.0000000000000000000, -1.000000000000000000, -0.0000000000000000000 ) ) ;
#1507 = DIRECTION ( 'NONE',  ( 0.0000000000000000000, 0.0000000000000000000, -1.000000000000000000 ) ) ;
#1508 = CARTESIAN_POINT ( 'NONE',  ( -51.00000000000002100, 23.65289256198346700, 4.573026817952556800 ) ) ;
#1509 = DIRECTION ( 'NONE',  ( -0.0000000000000000000, -0.1898237547074646800, 0.9818181818181819200 ) ) ;
#1510 = DIRECTION ( 'NONE',  ( -1.000000000000000000, 0.0000000000000000000, 0.0000000000000000000 ) ) ;
#1511 = CARTESIAN_POINT ( 'NONE',  ( -81.00000000000002800, 195.2488586709062000, 0.0000000000000000000 ) ) ;
#1512 = CARTESIAN_POINT ( 'NONE',  ( -51.00000000000002800, 102.7733711950120500, 48.35460521343080800 ) ) ;
#1513 = DIRECTION ( 'NONE',  ( 1.000000000000000000, -0.0000000000000000000, -0.0000000000000000000 ) ) ;
#1514 = DIRECTION ( 'NONE',  ( 0.0000000000000000000, 0.0000000000000000000, -1.000000000000000000 ) ) ;
#1515 = CARTESIAN_POINT ( 'NONE',  ( -81.00000000000002800, 24.53703703703703500, 0.0000000000000000000 ) ) ;
#1516 = CARTESIAN_POINT ( 'NONE',  ( -81.00000000000002800, 31.47302092741900700, -27.84345041116860400 ) ) ;
#1517 = DIRECTION ( 'NONE',  ( -1.000000000000000000, 0.0000000000000000000, 0.0000000000000000000 ) ) ;
#1518 = DIRECTION ( 'NONE',  ( -1.000000000000000000, 0.0000000000000000000, 0.0000000000000000000 ) ) ;
#1519 = CARTESIAN_POINT ( 'NONE',  ( 51.00000000000000700, 102.7733711950120500, 48.35460521343080800 ) ) ;
#1520 = DIRECTION ( 'NONE',  ( -1.000000000000000000, 0.0000000000000000000, 0.0000000000000000000 ) ) ;
#1521 = DIRECTION ( 'NONE',  ( 0.0000000000000000000, 0.0000000000000000000, -1.000000000000000000 ) ) ;
#1522 = CARTESIAN_POINT ( 'NONE',  ( 51.00000000000000700, 102.7733711950120500, 48.35460521343080800 ) ) ;
#1523 = DIRECTION ( 'NONE',  ( -1.000000000000000000, 0.0000000000000000000, 0.0000000000000000000 ) ) ;
#1524 = DIRECTION ( 'NONE',  ( 0.0000000000000000000, 0.0000000000000000000, -1.000000000000000000 ) ) ;
#1525 = CARTESIAN_POINT ( 'NONE',  ( 59.00000000000000700, 85.00000000000000000, -20.00000000000000000 ) ) ;
#1526 = DIRECTION ( 'NONE',  ( 1.000000000000000000, -0.0000000000000000000, -0.0000000000000000000 ) ) ;
#1527 = DIRECTION ( 'NONE',  ( 0.0000000000000000000, 0.0000000000000000000, 1.000000000000000000 ) ) ;
#1528 = CARTESIAN_POINT ( 'NONE',  ( 51.00000000000025600, 200.2488586709062000, 0.0000000000000000000 ) ) ;
#1529 = DIRECTION ( 'NONE',  ( -1.000000000000000000, 4.996003610813200000E-014, -4.996003610813204400E-014 ) ) ;
#1530 = DIRECTION ( 'NONE',  ( -4.996003610813204400E-014, 0.0000000000000000000, 1.000000000000000000 ) ) ;
#1531 = CARTESIAN_POINT ( 'NONE',  ( 64.00000000000000000, 186.1162899133375400, 0.0000000000000000000 ) ) ;
#1532 = DIRECTION ( 'NONE',  ( 4.996003610813207000E-014, -1.000000000000000000, 0.0000000000000000000 ) ) ;
#1533 = DIRECTION ( 'NONE',  ( 1.000000000000000000, 4.996003610813200000E-014, 0.0000000000000000000 ) ) ;
#1534 = EDGE_LOOP ( 'NONE', ( #1814, #2016, #1780, #1784 ) ) ;
#1535 = EDGE_LOOP ( 'NONE', ( #2053, #1938, #2002, #1845 ) ) ;
#1536 = EDGE_LOOP ( 'NONE', ( #1842, #2036, #2039, #1824 ) ) ;
#1537 = EDGE_LOOP ( 'NONE', ( #2057, #1787, #1833, #1693 ) ) ;
#1538 = EDGE_LOOP ( 'NONE', ( #1734, #1724 ) ) ;
#1539 = EDGE_LOOP ( 'NONE', ( #1589, #1594, #1614, #1606 ) ) ;
#1540 = EDGE_LOOP ( 'NONE', ( #1797, #1781, #2044, #1800 ) ) ;
#1541 = EDGE_LOOP ( 'NONE', ( #1948, #1745 ) ) ;
#1542 = EDGE_LOOP ( 'NONE', ( #1663, #1665 ) ) ;
#1543 = EDGE_LOOP ( 'NONE', ( #1650, #1651 ) ) ;
#1544 = EDGE_LOOP ( 'NONE', ( #1777, #1852, #1862, #1858 ) ) ;
#1545 = EDGE_LOOP ( 'NONE', ( #1788, #1796, #1854, #1806 ) ) ;
#1546 = ORIENTED_EDGE ( 'NONE', *, *, #997, .F. ) ;
#1547 = EDGE_LOOP ( 'NONE', ( #2037, #1828, #1823, #1848 ) ) ;
#1548 = EDGE_LOOP ( 'NONE', ( #1571, #1564, #1558, #1653, #1649, #1690, #1596, #1672 ) ) ;
#1549 = EDGE_LOOP ( 'NONE', ( #1557, #1605 ) ) ;
#1550 = EDGE_LOOP ( 'NONE', ( #2055, #2066, #1575, #1839 ) ) ;
#1551 = EDGE_LOOP ( 'NONE', ( #1730, #1617, #1664, #1675 ) ) ;
#1552 = EDGE_LOOP ( 'NONE', ( #1668, #1598, #1686, #1754 ) ) ;
#1553 = EDGE_LOOP ( 'NONE', ( #2072, #1863, #1830, #1776 ) ) ;
#1554 = EDGE_LOOP ( 'NONE', ( #1815, #2054, #1783, #2033 ) ) ;
#1555 = EDGE_LOOP ( 'NONE', ( #2015, #2013, #1811 ) ) ;
#1556 = EDGE_LOOP ( 'NONE', ( #2067, #2049, #2035, #1945 ) ) ;
#1557 = ORIENTED_EDGE ( 'NONE', *, *, #997, .T. ) ;
#1558 = ORIENTED_EDGE ( 'NONE', *, *, #2706, .T. ) ;
#1559 = ORIENTED_EDGE ( 'NONE', *, *, #886, .T. ) ;
#1560 = ORIENTED_EDGE ( 'NONE', *, *, #881, .T. ) ;
#1561 = ORIENTED_EDGE ( 'NONE', *, *, #892, .T. ) ;
#1562 = ORIENTED_EDGE ( 'NONE', *, *, #939, .T. ) ;
#1563 = ORIENTED_EDGE ( 'NONE', *, *, #974, .T. ) ;
#1564 = ORIENTED_EDGE ( 'NONE', *, *, #887, .T. ) ;
#1565 = ORIENTED_EDGE ( 'NONE', *, *, #995, .T. ) ;
#1566 = ORIENTED_EDGE ( 'NONE', *, *, #915, .T. ) ;
#1567 = ORIENTED_EDGE ( 'NONE', *, *, #1000, .F. ) ;
#1568 = ORIENTED_EDGE ( 'NONE', *, *, #994, .F. ) ;
#1569 = ORIENTED_EDGE ( 'NONE', *, *, #960, .T. ) ;
#1570 = EDGE_LOOP ( 'NONE', ( #1658, #1631, #1601, #1702 ) ) ;
#1571 = ORIENTED_EDGE ( 'NONE', *, *, #2708, .T. ) ;
#1572 = ORIENTED_EDGE ( 'NONE', *, *, #973, .F. ) ;
#1573 = ORIENTED_EDGE ( 'NONE', *, *, #909, .T. ) ;
#1574 = ORIENTED_EDGE ( 'NONE', *, *, #987, .F. ) ;
#1575 = ORIENTED_EDGE ( 'NONE', *, *, #963, .T. ) ;
#1576 = ORIENTED_EDGE ( 'NONE', *, *, #998, .T. ) ;
#1577 = ORIENTED_EDGE ( 'NONE', *, *, #944, .T. ) ;
#1578 = ORIENTED_EDGE ( 'NONE', *, *, #900, .T. ) ;
#1579 = ORIENTED_EDGE ( 'NONE', *, *, #948, .F. ) ;
#1580 = ORIENTED_EDGE ( 'NONE', *, *, #962, .T. ) ;
#1581 = ORIENTED_EDGE ( 'NONE', *, *, #910, .T. ) ;
#1582 = ORIENTED_EDGE ( 'NONE', *, *, #891, .T. ) ;
#1583 = ORIENTED_EDGE ( 'NONE', *, *, #977, .F. ) ;
#1584 = ORIENTED_EDGE ( 'NONE', *, *, #980, .F. ) ;
#1585 = ORIENTED_EDGE ( 'NONE', *, *, #989, .T. ) ;
#1586 = ORIENTED_EDGE ( 'NONE', *, *, #1014, .F. ) ;
#1587 = ORIENTED_EDGE ( 'NONE', *, *, #909, .F. ) ;
#1588 = ORIENTED_EDGE ( 'NONE', *, *, #1019, .F. ) ;
#1589 = ORIENTED_EDGE ( 'NONE', *, *, #975, .F. ) ;
#1590 = ORIENTED_EDGE ( 'NONE', *, *, #1021, .F. ) ;
#1591 = ORIENTED_EDGE ( 'NONE', *, *, #917, .T. ) ;
#1592 = ORIENTED_EDGE ( 'NONE', *, *, #935, .T. ) ;
#1593 = ORIENTED_EDGE ( 'NONE', *, *, #942, .T. ) ;
#1594 = ORIENTED_EDGE ( 'NONE', *, *, #868, .T. ) ;
#1595 = ORIENTED_EDGE ( 'NONE', *, *, #976, .T. ) ;
#1596 = ORIENTED_EDGE ( 'NONE', *, *, #885, .T. ) ;
#1597 = ORIENTED_EDGE ( 'NONE', *, *, #1016, .T. ) ;
#1598 = ORIENTED_EDGE ( 'NONE', *, *, #940, .T. ) ;
#1599 = ORIENTED_EDGE ( 'NONE', *, *, #937, .F. ) ;
#1600 = ORIENTED_EDGE ( 'NONE', *, *, #1012, .T. ) ;
#1601 = ORIENTED_EDGE ( 'NONE', *, *, #947, .T. ) ;
#1602 = ORIENTED_EDGE ( 'NONE', *, *, #1011, .T. ) ;
#1603 = ORIENTED_EDGE ( 'NONE', *, *, #936, .T. ) ;
#1604 = ORIENTED_EDGE ( 'NONE', *, *, #983, .F. ) ;
#1605 = ORIENTED_EDGE ( 'NONE', *, *, #2707, .T. ) ;
#1606 = ORIENTED_EDGE ( 'NONE', *, *, #869, .T. ) ;
#1607 = ORIENTED_EDGE ( 'NONE', *, *, #971, .F. ) ;
#1608 = ORIENTED_EDGE ( 'NONE', *, *, #1007, .T. ) ;
#1609 = ORIENTED_EDGE ( 'NONE', *, *, #893, .F. ) ;
#1610 = ORIENTED_EDGE ( 'NONE', *, *, #985, .T. ) ;
#1611 = ORIENTED_EDGE ( 'NONE', *, *, #993, .T. ) ;
#1612 = ORIENTED_EDGE ( 'NONE', *, *, #890, .T. ) ;
#1613 = ORIENTED_EDGE ( 'NONE', *, *, #1018, .F. ) ;
#1614 = ORIENTED_EDGE ( 'NONE', *, *, #977, .T. ) ;
#1615 = ORIENTED_EDGE ( 'NONE', *, *, #1024, .F. ) ;
#1616 = ORIENTED_EDGE ( 'NONE', *, *, #946, .T. ) ;
#1617 = ORIENTED_EDGE ( 'NONE', *, *, #978, .T. ) ;
#1618 = ORIENTED_EDGE ( 'NONE', *, *, #919, .T. ) ;
#1619 = ORIENTED_EDGE ( 'NONE', *, *, #875, .T. ) ;
#1620 = ORIENTED_EDGE ( 'NONE', *, *, #910, .F. ) ;
#1621 = ORIENTED_EDGE ( 'NONE', *, *, #921, .F. ) ;
#1622 = ORIENTED_EDGE ( 'NONE', *, *, #961, .T. ) ;
#1623 = ORIENTED_EDGE ( 'NONE', *, *, #965, .F. ) ;
#1624 = ORIENTED_EDGE ( 'NONE', *, *, #1009, .F. ) ;
#1625 = ORIENTED_EDGE ( 'NONE', *, *, #1006, .F. ) ;
#1626 = ORIENTED_EDGE ( 'NONE', *, *, #923, .T. ) ;
#1627 = ORIENTED_EDGE ( 'NONE', *, *, #1023, .T. ) ;
#1628 = ORIENTED_EDGE ( 'NONE', *, *, #942, .F. ) ;
#1629 = ORIENTED_EDGE ( 'NONE', *, *, #949, .F. ) ;
#1630 = ORIENTED_EDGE ( 'NONE', *, *, #919, .F. ) ;
#1631 = ORIENTED_EDGE ( 'NONE', *, *, #1024, .T. ) ;
#1632 = ORIENTED_EDGE ( 'NONE', *, *, #871, .T. ) ;
#1633 = ORIENTED_EDGE ( 'NONE', *, *, #975, .T. ) ;
#1634 = ORIENTED_EDGE ( 'NONE', *, *, #986, .T. ) ;
#1635 = ORIENTED_EDGE ( 'NONE', *, *, #877, .F. ) ;
#1636 = ORIENTED_EDGE ( 'NONE', *, *, #878, .T. ) ;
#1637 = ORIENTED_EDGE ( 'NONE', *, *, #911, .T. ) ;
#1638 = ORIENTED_EDGE ( 'NONE', *, *, #1010, .T. ) ;
#1639 = ORIENTED_EDGE ( 'NONE', *, *, #916, .F. ) ;
#1640 = ORIENTED_EDGE ( 'NONE', *, *, #1017, .T. ) ;
#1641 = ORIENTED_EDGE ( 'NONE', *, *, #872, .F. ) ;
#1642 = ORIENTED_EDGE ( 'NONE', *, *, #882, .T. ) ;
#1643 = ORIENTED_EDGE ( 'NONE', *, *, #1013, .F. ) ;
#1644 = ORIENTED_EDGE ( 'NONE', *, *, #999, .T. ) ;
#1645 = ORIENTED_EDGE ( 'NONE', *, *, #988, .F. ) ;
#1646 = ORIENTED_EDGE ( 'NONE', *, *, #1019, .T. ) ;
#1647 = ORIENTED_EDGE ( 'NONE', *, *, #1015, .F. ) ;
#1648 = ORIENTED_EDGE ( 'NONE', *, *, #1020, .F. ) ;
#1649 = ORIENTED_EDGE ( 'NONE', *, *, #866, .T. ) ;
#1650 = ORIENTED_EDGE ( 'NONE', *, *, #931, .T. ) ;
#1651 = ORIENTED_EDGE ( 'NONE', *, *, #889, .T. ) ;
#1652 = ORIENTED_EDGE ( 'NONE', *, *, #937, .T. ) ;
#1653 = ORIENTED_EDGE ( 'NONE', *, *, #867, .T. ) ;
#1654 = ORIENTED_EDGE ( 'NONE', *, *, #915, .F. ) ;
#1655 = ORIENTED_EDGE ( 'NONE', *, *, #1017, .F. ) ;
#1656 = ORIENTED_EDGE ( 'NONE', *, *, #1018, .T. ) ;
#1657 = ORIENTED_EDGE ( 'NONE', *, *, #950, .T. ) ;
#1658 = ORIENTED_EDGE ( 'NONE', *, *, #923, .F. ) ;
#1659 = ORIENTED_EDGE ( 'NONE', *, *, #979, .T. ) ;
#1660 = ORIENTED_EDGE ( 'NONE', *, *, #1020, .T. ) ;
#1661 = ORIENTED_EDGE ( 'NONE', *, *, #972, .T. ) ;
#1662 = ORIENTED_EDGE ( 'NONE', *, *, #1022, .T. ) ;
#1663 = ORIENTED_EDGE ( 'NONE', *, *, #983, .T. ) ;
#1664 = ORIENTED_EDGE ( 'NONE', *, *, #988, .T. ) ;
#1665 = ORIENTED_EDGE ( 'NONE', *, *, #1026, .T. ) ;
#1666 = ORIENTED_EDGE ( 'NONE', *, *, #982, .F. ) ;
#1667 = ORIENTED_EDGE ( 'NONE', *, *, #884, .T. ) ;
#1668 = ORIENTED_EDGE ( 'NONE', *, *, #1008, .F. ) ;
#1669 = ORIENTED_EDGE ( 'NONE', *, *, #1011, .F. ) ;
#1670 = ORIENTED_EDGE ( 'NONE', *, *, #1046, .F. ) ;
#1671 = ORIENTED_EDGE ( 'NONE', *, *, #899, .T. ) ;
#1672 = ORIENTED_EDGE ( 'NONE', *, *, #874, .T. ) ;
#1673 = ORIENTED_EDGE ( 'NONE', *, *, #950, .F. ) ;
#1674 = ORIENTED_EDGE ( 'NONE', *, *, #880, .T. ) ;
#1675 = ORIENTED_EDGE ( 'NONE', *, *, #981, .T. ) ;
#1676 = ORIENTED_EDGE ( 'NONE', *, *, #908, .T. ) ;
#1677 = ORIENTED_EDGE ( 'NONE', *, *, #982, .T. ) ;
#1678 = ORIENTED_EDGE ( 'NONE', *, *, #987, .T. ) ;
#1679 = ORIENTED_EDGE ( 'NONE', *, *, #912, .T. ) ;
#1680 = ORIENTED_EDGE ( 'NONE', *, *, #903, .F. ) ;
#1681 = ORIENTED_EDGE ( 'NONE', *, *, #907, .F. ) ;
#1682 = ORIENTED_EDGE ( 'NONE', *, *, #917, .F. ) ;
#1683 = ORIENTED_EDGE ( 'NONE', *, *, #918, .F. ) ;
#1684 = ORIENTED_EDGE ( 'NONE', *, *, #989, .F. ) ;
#1685 = ORIENTED_EDGE ( 'NONE', *, *, #920, .T. ) ;
#1686 = ORIENTED_EDGE ( 'NONE', *, *, #948, .T. ) ;
#1687 = ORIENTED_EDGE ( 'NONE', *, *, #981, .F. ) ;
#1688 = ORIENTED_EDGE ( 'NONE', *, *, #1023, .F. ) ;
#1689 = ORIENTED_EDGE ( 'NONE', *, *, #1016, .F. ) ;
#1690 = ORIENTED_EDGE ( 'NONE', *, *, #873, .T. ) ;
#1691 = ORIENTED_EDGE ( 'NONE', *, *, #1025, .F. ) ;
#1692 = ORIENTED_EDGE ( 'NONE', *, *, #928, .F. ) ;
#1693 = ORIENTED_EDGE ( 'NONE', *, *, #889, .F. ) ;
#1694 = ORIENTED_EDGE ( 'NONE', *, *, #2710, .T. ) ;
#1695 = EDGE_LOOP ( 'NONE', ( #1818, #1817, #1799, #1805 ) ) ;
#1696 = EDGE_LOOP ( 'NONE', ( #1655, #1588, #1615, #1691 ) ) ;
#1697 = EDGE_LOOP ( 'NONE', ( #1846, #1844, #1847, #1834 ) ) ;
#1698 = CLOSED_SHELL ( 'NONE', ( #2703, #2704, #2702, #2700, #2701, #2659, #2658, #2660, #2661, #2641, #2624, #2623, #2625, #2631, #2637, #2639, #2640, #2633, #2622, #2634, #2671, #2676, #2675, #2673, #2680, #2681, #2683, #2679, #2672, #2682, #2668, #2664, #2663, #2665, #2670, #2666, #2662, #2669, #2667, #2686, #2684, #2685, #2689, #2688, #2687, #2690, #2643, #2638, #2630, #2644, #2646, #2645, #2628, #2627, #2699, #2697, #2698, #2653, #2656, #2642, #2635, #2632, #2626, #2695, #2696, #2651, #2636, #2629, #2647, #2657, #2650, #2652, #2694, #2705, #2693, #2692, #2691, #2678, #2677, #2674, #2655, #2654, #2649, #2648 ) ) ;
#1699 = ORIENTED_EDGE ( 'NONE', *, *, #999, .F. ) ;
#1700 = ORIENTED_EDGE ( 'NONE', *, *, #922, .T. ) ;
#1701 = ORIENTED_EDGE ( 'NONE', *, *, #1004, .T. ) ;
#1702 = ORIENTED_EDGE ( 'NONE', *, *, #1013, .T. ) ;
#1703 = ORIENTED_EDGE ( 'NONE', *, *, #967, .T. ) ;
#1704 = EDGE_LOOP ( 'NONE', ( #1689, #1566, #1685, #1646 ) ) ;
#1705 = ORIENTED_EDGE ( 'NONE', *, *, #996, .T. ) ;
#1706 = ORIENTED_EDGE ( 'NONE', *, *, #894, .T. ) ;
#1707 = ORIENTED_EDGE ( 'NONE', *, *, #888, .T. ) ;
#1708 = ORIENTED_EDGE ( 'NONE', *, *, #945, .T. ) ;
#1709 = ORIENTED_EDGE ( 'NONE', *, *, #1026, .F. ) ;
#1710 = ORIENTED_EDGE ( 'NONE', *, *, #924, .F. ) ;
#1711 = ORIENTED_EDGE ( 'NONE', *, *, #952, .T. ) ;
#1712 = ORIENTED_EDGE ( 'NONE', *, *, #979, .F. ) ;
#1713 = ORIENTED_EDGE ( 'NONE', *, *, #947, .F. ) ;
#1714 = ORIENTED_EDGE ( 'NONE', *, *, #895, .T. ) ;
#1715 = ORIENTED_EDGE ( 'NONE', *, *, #1025, .T. ) ;
#1716 = ORIENTED_EDGE ( 'NONE', *, *, #1004, .F. ) ;
#1717 = ORIENTED_EDGE ( 'NONE', *, *, #901, .F. ) ;
#1718 = ORIENTED_EDGE ( 'NONE', *, *, #906, .T. ) ;
#1719 = ORIENTED_EDGE ( 'NONE', *, *, #1005, .T. ) ;
#1720 = ORIENTED_EDGE ( 'NONE', *, *, #978, .F. ) ;
#1721 = ORIENTED_EDGE ( 'NONE', *, *, #1001, .T. ) ;
#1722 = ORIENTED_EDGE ( 'NONE', *, *, #926, .F. ) ;
#1723 = ORIENTED_EDGE ( 'NONE', *, *, #905, .F. ) ;
#1724 = ORIENTED_EDGE ( 'NONE', *, *, #959, .T. ) ;
#1725 = LINE ( 'NONE', #779, #2143 ) ;
#1726 = ORIENTED_EDGE ( 'NONE', *, *, #896, .T. ) ;
#1727 = ORIENTED_EDGE ( 'NONE', *, *, #984, .F. ) ;
#1728 = ORIENTED_EDGE ( 'NONE', *, *, #1012, .F. ) ;
#1729 = ORIENTED_EDGE ( 'NONE', *, *, #941, .T. ) ;
#1730 = ORIENTED_EDGE ( 'NONE', *, *, #986, .F. ) ;
#1731 = ORIENTED_EDGE ( 'NONE', *, *, #928, .T. ) ;
#1732 = ORIENTED_EDGE ( 'NONE', *, *, #902, .T. ) ;
#1733 = ORIENTED_EDGE ( 'NONE', *, *, #941, .F. ) ;
#1734 = ORIENTED_EDGE ( 'NONE', *, *, #898, .T. ) ;
#1735 = ORIENTED_EDGE ( 'NONE', *, *, #943, .T. ) ;
#1736 = ORIENTED_EDGE ( 'NONE', *, *, #951, .F. ) ;
#1737 = ORIENTED_EDGE ( 'NONE', *, *, #1008, .T. ) ;
#1738 = ORIENTED_EDGE ( 'NONE', *, *, #893, .T. ) ;
#1739 = ORIENTED_EDGE ( 'NONE', *, *, #944, .F. ) ;
#1740 = ORIENTED_EDGE ( 'NONE', *, *, #924, .T. ) ;
#1741 = ORIENTED_EDGE ( 'NONE', *, *, #980, .T. ) ;
#1742 = ORIENTED_EDGE ( 'NONE', *, *, #1009, .T. ) ;
#1743 = ORIENTED_EDGE ( 'NONE', *, *, #1005, .F. ) ;
#1744 = ORIENTED_EDGE ( 'NONE', *, *, #969, .T. ) ;
#1745 = ORIENTED_EDGE ( 'NONE', *, *, #956, .T. ) ;
#1746 = ORIENTED_EDGE ( 'NONE', *, *, #920, .F. ) ;
#1747 = ORIENTED_EDGE ( 'NONE', *, *, #951, .T. ) ;
#1748 = ORIENTED_EDGE ( 'NONE', *, *, #984, .T. ) ;
#1749 = ORIENTED_EDGE ( 'NONE', *, *, #1015, .T. ) ;
#1750 = ORIENTED_EDGE ( 'NONE', *, *, #904, .F. ) ;
#1751 = ORIENTED_EDGE ( 'NONE', *, *, #949, .T. ) ;
#1752 = ORIENTED_EDGE ( 'NONE', *, *, #1003, .F. ) ;
#1753 = ORIENTED_EDGE ( 'NONE', *, *, #985, .F. ) ;
#1754 = ORIENTED_EDGE ( 'NONE', *, *, #965, .T. ) ;
#1755 = EDGE_LOOP ( 'NONE', ( #1710, #1706, #2029, #1738 ) ) ;
#1756 = ORIENTED_EDGE ( 'NONE', *, *, #996, .F. ) ;
#1757 = EDGE_LOOP ( 'NONE', ( #2040, #2047, #2030, #1923 ) ) ;
#1758 = EDGE_LOOP ( 'NONE', ( #1720, #1659, #1728, #1584 ) ) ;
#1759 = EDGE_LOOP ( 'NONE', ( #1717, #1732, #1680, #1750, #1723, #1718, #1681, #1707 ) ) ;
#1760 = EDGE_LOOP ( 'NONE', ( #1926, #2022, #2032, #1934 ) ) ;
#1761 = EDGE_LOOP ( 'NONE', ( #1716, #1708, #1577, #2058 ) ) ;
#1762 = EDGE_LOOP ( 'NONE', ( #1639, #1602, #1591, #1656 ) ) ;
#1763 = EDGE_LOOP ( 'NONE', ( #1669, #1638, #1673 ) ) ;
#1764 = EDGE_LOOP ( 'NONE', ( #1590, #1613, #1643, #1648 ) ) ;
#1765 = ORIENTED_EDGE ( 'NONE', *, *, #970, .T. ) ;
#1766 = EDGE_LOOP ( 'NONE', ( #1684, #1608, #1599, #1654 ) ) ;
#1767 = ORIENTED_EDGE ( 'NONE', *, *, #1040, .T. ) ;
#1768 = VERTEX_POINT ( 'NONE', #490 ) ;
#1769 = EDGE_LOOP ( 'NONE', ( #1647, #1640, #1688, #1662 ) ) ;
#1770 = EDGE_LOOP ( 'NONE', ( #1683, #1627, #1715, #1618, #1657 ) ) ;
#1771 = EDGE_LOOP ( 'NONE', ( #1600, #1729 ) ) ;
#1772 = EDGE_LOOP ( 'NONE', ( #1687, #1677, #1604, #1727 ) ) ;
#1773 = ORIENTED_EDGE ( 'NONE', *, *, #1049, .F. ) ;
#1774 = ORIENTED_EDGE ( 'NONE', *, *, #1021, .T. ) ;
#1775 = ORIENTED_EDGE ( 'NONE', *, *, #1040, .F. ) ;
#1776 = ORIENTED_EDGE ( 'NONE', *, *, #1035, .T. ) ;
#1777 = ORIENTED_EDGE ( 'NONE', *, *, #1049, .T. ) ;
#1778 = ORIENTED_EDGE ( 'NONE', *, *, #873, .F. ) ;
#1779 = ORIENTED_EDGE ( 'NONE', *, *, #1007, .F. ) ;
#1780 = ORIENTED_EDGE ( 'NONE', *, *, #953, .T. ) ;
#1781 = ORIENTED_EDGE ( 'NONE', *, *, #900, .F. ) ;
#1782 = ORIENTED_EDGE ( 'NONE', *, *, #870, .T. ) ;
#1783 = ORIENTED_EDGE ( 'NONE', *, *, #968, .T. ) ;
#1784 = ORIENTED_EDGE ( 'NONE', *, *, #1051, .T. ) ;
#1785 = ORIENTED_EDGE ( 'NONE', *, *, #953, .F. ) ;
#1786 = ORIENTED_EDGE ( 'NONE', *, *, #1041, .T. ) ;
#1787 = ORIENTED_EDGE ( 'NONE', *, *, #1035, .F. ) ;
#1788 = ORIENTED_EDGE ( 'NONE', *, *, #1028, .F. ) ;
#1789 = ORIENTED_EDGE ( 'NONE', *, *, #1032, .T. ) ;
#1790 = ORIENTED_EDGE ( 'NONE', *, *, #962, .F. ) ;
#1791 = ORIENTED_EDGE ( 'NONE', *, *, #1053, .F. ) ;
#1792 = ORIENTED_EDGE ( 'NONE', *, *, #882, .F. ) ;
#1793 = ORIENTED_EDGE ( 'NONE', *, *, #943, .F. ) ;
#1794 = ORIENTED_EDGE ( 'NONE', *, *, #1030, .F. ) ;
#1795 = ORIENTED_EDGE ( 'NONE', *, *, #869, .F. ) ;
#1796 = ORIENTED_EDGE ( 'NONE', *, *, #2710, .F. ) ;
#1797 = ORIENTED_EDGE ( 'NONE', *, *, #1001, .F. ) ;
#1798 = EDGE_LOOP ( 'NONE', ( #1859, #1850, #2031, #1922 ) ) ;
#1799 = ORIENTED_EDGE ( 'NONE', *, *, #1041, .F. ) ;
#1800 = ORIENTED_EDGE ( 'NONE', *, *, #1036, .T. ) ;
#1801 = ORIENTED_EDGE ( 'NONE', *, *, #1050, .F. ) ;
#1802 = ORIENTED_EDGE ( 'NONE', *, *, #934, .T. ) ;
#1803 = ORIENTED_EDGE ( 'NONE', *, *, #1042, .T. ) ;
#1804 = ORIENTED_EDGE ( 'NONE', *, *, #911, .F. ) ;
#1805 = ORIENTED_EDGE ( 'NONE', *, *, #1022, .F. ) ;
#1806 = ORIENTED_EDGE ( 'NONE', *, *, #918, .T. ) ;
#1807 = ORIENTED_EDGE ( 'NONE', *, *, #898, .F. ) ;
#1808 = ORIENTED_EDGE ( 'NONE', *, *, #1037, .F. ) ;
#1809 = ORIENTED_EDGE ( 'NONE', *, *, #906, .F. ) ;
#1810 = ORIENTED_EDGE ( 'NONE', *, *, #875, .F. ) ;
#1811 = ORIENTED_EDGE ( 'NONE', *, *, #879, .F. ) ;
#1812 = ORIENTED_EDGE ( 'NONE', *, *, #1034, .T. ) ;
#1813 = ORIENTED_EDGE ( 'NONE', *, *, #903, .T. ) ;
#1814 = ORIENTED_EDGE ( 'NONE', *, *, #913, .F. ) ;
#1815 = ORIENTED_EDGE ( 'NONE', *, *, #966, .F. ) ;
#1816 = ORIENTED_EDGE ( 'NONE', *, *, #884, .F. ) ;
#1817 = ORIENTED_EDGE ( 'NONE', *, *, #881, .F. ) ;
#1818 = ORIENTED_EDGE ( 'NONE', *, *, #1027, .T. ) ;
#1819 = ORIENTED_EDGE ( 'NONE', *, *, #916, .T. ) ;
#1820 = ORIENTED_EDGE ( 'NONE', *, *, #870, .F. ) ;
#1821 = ORIENTED_EDGE ( 'NONE', *, *, #1038, .F. ) ;
#1822 = ORIENTED_EDGE ( 'NONE', *, *, #1033, .T. ) ;
#1823 = ORIENTED_EDGE ( 'NONE', *, *, #876, .F. ) ;
#1824 = ORIENTED_EDGE ( 'NONE', *, *, #921, .T. ) ;
#1825 = EDGE_LOOP ( 'NONE', ( #1895, #1883, #1882, #1896 ) ) ;
#1826 = ORIENTED_EDGE ( 'NONE', *, *, #1028, .T. ) ;
#1827 = EDGE_LOOP ( 'NONE', ( #2131, #1569, #2125, #2127 ) ) ;
#1828 = ORIENTED_EDGE ( 'NONE', *, *, #901, .T. ) ;
#1829 = ORIENTED_EDGE ( 'NONE', *, *, #1032, .F. ) ;
#1830 = ORIENTED_EDGE ( 'NONE', *, *, #914, .T. ) ;
#1831 = VERTEX_POINT ( 'NONE', #467 ) ;
#1832 = ORIENTED_EDGE ( 'NONE', *, *, #905, .T. ) ;
#1833 = ORIENTED_EDGE ( 'NONE', *, *, #930, .T. ) ;
#1834 = ORIENTED_EDGE ( 'NONE', *, *, #935, .F. ) ;
#1835 = ORIENTED_EDGE ( 'NONE', *, *, #1048, .T. ) ;
#1836 = EDGE_LOOP ( 'NONE', ( #1939, #1812, #1933, #2069 ) ) ;
#1837 = ORIENTED_EDGE ( 'NONE', *, *, #1039, .F. ) ;
#1838 = ORIENTED_EDGE ( 'NONE', *, *, #971, .T. ) ;
#1839 = ORIENTED_EDGE ( 'NONE', *, *, #908, .F. ) ;
#1840 = ORIENTED_EDGE ( 'NONE', *, *, #1042, .F. ) ;
#1841 = ORIENTED_EDGE ( 'NONE', *, *, #972, .F. ) ;
#1842 = ORIENTED_EDGE ( 'NONE', *, *, #1038, .T. ) ;
#1843 = ORIENTED_EDGE ( 'NONE', *, *, #897, .F. ) ;
#1844 = ORIENTED_EDGE ( 'NONE', *, *, #866, .F. ) ;
#1845 = ORIENTED_EDGE ( 'NONE', *, *, #936, .F. ) ;
#1846 = ORIENTED_EDGE ( 'NONE', *, *, #1050, .T. ) ;
#1847 = ORIENTED_EDGE ( 'NONE', *, *, #1047, .F. ) ;
#1848 = ORIENTED_EDGE ( 'NONE', *, *, #865, .F. ) ;
#1849 = ORIENTED_EDGE ( 'NONE', *, *, #958, .T. ) ;
#1850 = ORIENTED_EDGE ( 'NONE', *, *, #946, .F. ) ;
#1851 = ORIENTED_EDGE ( 'NONE', *, *, #878, .F. ) ;
#1852 = ORIENTED_EDGE ( 'NONE', *, *, #894, .F. ) ;
#1853 = ORIENTED_EDGE ( 'NONE', *, *, #954, .F. ) ;
#1854 = ORIENTED_EDGE ( 'NONE', *, *, #1027, .F. ) ;
#1855 = ORIENTED_EDGE ( 'NONE', *, *, #880, .F. ) ;
#1856 = ORIENTED_EDGE ( 'NONE', *, *, #1000, .T. ) ;
#1857 = ORIENTED_EDGE ( 'NONE', *, *, #957, .F. ) ;
#1858 = ORIENTED_EDGE ( 'NONE', *, *, #885, .F. ) ;
#1859 = ORIENTED_EDGE ( 'NONE', *, *, #1044, .T. ) ;
#1860 = ORIENTED_EDGE ( 'NONE', *, *, #964, .T. ) ;
#1861 = ORIENTED_EDGE ( 'NONE', *, *, #995, .F. ) ;
#1862 = ORIENTED_EDGE ( 'NONE', *, *, #1048, .F. ) ;
#1863 = ORIENTED_EDGE ( 'NONE', *, *, #899, .F. ) ;
#1864 = ORIENTED_EDGE ( 'NONE', *, *, #952, .F. ) ;
#1865 = ORIENTED_EDGE ( 'NONE', *, *, #883, .T. ) ;
#1866 = EDGE_LOOP ( 'NONE', ( #1835, #1793, #1670, #2065 ) ) ;
#1867 = EDGE_LOOP ( 'NONE', ( #1714, #1744 ) ) ;
#1868 = EDGE_LOOP ( 'NONE', ( #1936, #1865, #2023 ) ) ;
#1869 = EDGE_LOOP ( 'NONE', ( #1622, #1676 ) ) ;
#1870 = EDGE_LOOP ( 'NONE', ( #2050, #2061, #1802, #2000 ) ) ;
#1871 = EDGE_LOOP ( 'NONE', ( #2118, #2120, #2135, #2132 ) ) ;
#1872 = EDGE_LOOP ( 'NONE', ( #1562, #1561 ) ) ;
#1873 = EDGE_LOOP ( 'NONE', ( #1578, #1576 ) ) ;
#1874 = EDGE_LOOP ( 'NONE', ( #1743, #1609, #1692, #1620, #1623, #1624, #1629, #1625 ) ) ;
#1875 = EDGE_LOOP ( 'NONE', ( #1712, #1753, #1741, #1733 ) ) ;
#1876 = EDGE_LOOP ( 'NONE', ( #1666, #1574, #1748, #1709 ) ) ;
#1877 = EDGE_LOOP ( 'NONE', ( #1585, #1597, #1749, #1586 ) ) ;
#1878 = EDGE_LOOP ( 'NONE', ( #1857, #1843, #1849, #2059 ) ) ;
#1879 = EDGE_LOOP ( 'NONE', ( #2117, #2121, #2129, #2119 ) ) ;
#1880 = EDGE_LOOP ( 'NONE', ( #1886, #1889, #1892, #1893 ) ) ;
#1881 = EDGE_LOOP ( 'NONE', ( #1579, #1603, #1593, #1742 ) ) ;
#1882 = ORIENTED_EDGE ( 'NONE', *, *, #994, .T. ) ;
#1883 = ORIENTED_EDGE ( 'NONE', *, *, #927, .T. ) ;
#1884 = EDGE_LOOP ( 'NONE', ( #2122, #1932, #1860, #1785 ) ) ;
#1885 = ORIENTED_EDGE ( 'NONE', *, *, #991, .T. ) ;
#1886 = ORIENTED_EDGE ( 'NONE', *, *, #956, .F. ) ;
#1887 = ORIENTED_EDGE ( 'NONE', *, *, #955, .F. ) ;
#1888 = VERTEX_POINT ( 'NONE', #483 ) ;
#1889 = ORIENTED_EDGE ( 'NONE', *, *, #957, .T. ) ;
#1890 = EDGE_LOOP ( 'NONE', ( #1864, #2034, #1885, #1887 ) ) ;
#1891 = EDGE_LOOP ( 'NONE', ( #1667, #1632, #1642, #1636, #1560, #1694, #1559, #1674 ) ) ;
#1892 = ORIENTED_EDGE ( 'NONE', *, *, #929, .T. ) ;
#1893 = ORIENTED_EDGE ( 'NONE', *, *, #958, .F. ) ;
#1894 = VERTEX_POINT ( 'NONE', #485 ) ;
#1895 = ORIENTED_EDGE ( 'NONE', *, *, #959, .F. ) ;
#1896 = ORIENTED_EDGE ( 'NONE', *, *, #925, .F. ) ;
#1897 = EDGE_LOOP ( 'NONE', ( #2133, #2128, #2134, #2130 ) ) ;
#1898 = VERTEX_POINT ( 'NONE', #489 ) ;
#1899 = VERTEX_POINT ( 'NONE', #390 ) ;
#1900 = VERTEX_POINT ( 'NONE', #464 ) ;
#1901 = VERTEX_POINT ( 'NONE', #393 ) ;
#1902 = VERTEX_POINT ( 'NONE', #392 ) ;
#1903 = VERTEX_POINT ( 'NONE', #341 ) ;
#1904 = EDGE_LOOP ( 'NONE', ( #1703, #1612 ) ) ;
#1905 = EDGE_LOOP ( 'NONE', ( #1563, #1633, #1595, #1583 ) ) ;
#1906 = EDGE_LOOP ( 'NONE', ( #1826, #2041, #1840, #1935 ) ) ;
#1907 = EDGE_LOOP ( 'NONE', ( #1611, #1582 ) ) ;
#1908 = ORIENTED_EDGE ( 'NONE', *, *, #970, .F. ) ;
#1909 = EDGE_LOOP ( 'NONE', ( #1841, #1829, #1832, #2063 ) ) ;
#1910 = EDGE_LOOP ( 'NONE', ( #1752, #1580, #1747, #1731 ) ) ;
#1911 = EDGE_LOOP ( 'NONE', ( #2064, #1774, #1808, #1816 ) ) ;
#1912 = EDGE_LOOP ( 'NONE', ( #1756, #1565, #1546, #1567 ) ) ;
#1913 = EDGE_LOOP ( 'NONE', ( #1607, #1661, #1587, #1572 ) ) ;
#1914 = EDGE_LOOP ( 'NONE', ( #1853, #2048, #2011, #2056 ) ) ;
#1915 = EDGE_LOOP ( 'NONE', ( #1803, #1819, #1837, #1855 ) ) ;
#1916 = EDGE_LOOP ( 'NONE', ( #1795, #2001 ) ) ;
#1917 = EDGE_LOOP ( 'NONE', ( #1628, #1616, #1701, #1751 ) ) ;
#1918 = EDGE_LOOP ( 'NONE', ( #2139, #1721, #1705, #1722 ) ) ;
#1919 = EDGE_LOOP ( 'NONE', ( #1949, #1807, #2027, #2070 ) ) ;
#1920 = EDGE_LOOP ( 'NONE', ( #2060, #1791, #1944, #2071 ) ) ;
#1921 = EDGE_LOOP ( 'NONE', ( #1804, #2010, #2014, #2051 ) ) ;
#1922 = ORIENTED_EDGE ( 'NONE', *, *, #887, .F. ) ;
#1923 = ORIENTED_EDGE ( 'NONE', *, *, #940, .F. ) ;
#1924 = ORIENTED_EDGE ( 'NONE', *, *, #868, .F. ) ;
#1925 = VERTEX_POINT ( 'NONE', #425 ) ;
#1926 = ORIENTED_EDGE ( 'NONE', *, *, #1046, .T. ) ;
#1927 = VERTEX_POINT ( 'NONE', #481 ) ;
#1928 = ORIENTED_EDGE ( 'NONE', *, *, #912, .F. ) ;
#1929 = EDGE_LOOP ( 'NONE', ( #1861, #2062, #1856, #2005 ) ) ;
#1930 = EDGE_LOOP ( 'NONE', ( #1767, #1792, #1821, #1779 ) ) ;
#1931 = EDGE_LOOP ( 'NONE', ( #1794, #1813, #2045, #1820, #1928 ) ) ;
#1932 = ORIENTED_EDGE ( 'NONE', *, *, #913, .T. ) ;
#1933 = ORIENTED_EDGE ( 'NONE', *, *, #877, .T. ) ;
#1934 = ORIENTED_EDGE ( 'NONE', *, *, #2708, .F. ) ;
#1935 = ORIENTED_EDGE ( 'NONE', *, *, #886, .F. ) ;
#1936 = ORIENTED_EDGE ( 'NONE', *, *, #902, .F. ) ;
#1937 = VERTEX_POINT ( 'NONE', #394 ) ;
#1938 = ORIENTED_EDGE ( 'NONE', *, *, #2706, .F. ) ;
#1939 = ORIENTED_EDGE ( 'NONE', *, *, #888, .F. ) ;
#1940 = EDGE_LOOP ( 'NONE', ( #1630, #1626, #1682 ) ) ;
#1941 = EDGE_LOOP ( 'NONE', ( #1726, #1711 ) ) ;
#1942 = EDGE_LOOP ( 'NONE', ( #1809, #1789, #1838, #1822 ) ) ;
#1943 = EDGE_LOOP ( 'NONE', ( #1568, #2126, #2124, #2123 ) ) ;
#1944 = ORIENTED_EDGE ( 'NONE', *, *, #992, .T. ) ;
#1945 = ORIENTED_EDGE ( 'NONE', *, *, #879, .T. ) ;
#1946 = EDGE_LOOP ( 'NONE', ( #1746, #1700, #1713 ) ) ;
#1947 = EDGE_LOOP ( 'NONE', ( #1801, #1790, #1773, #1778 ) ) ;
#1948 = ORIENTED_EDGE ( 'NONE', *, *, #897, .T. ) ;
#1949 = ORIENTED_EDGE ( 'NONE', *, *, #927, .F. ) ;
#1950 = EDGE_LOOP ( 'NONE', ( #1736, #1592, #1737, #1581 ) ) ;
#1951 = EDGE_LOOP ( 'NONE', ( #1786, #1851, #1775, #2046 ) ) ;
#1952 = VERTEX_POINT ( 'NONE', #382 ) ;
#1953 = EDGE_LOOP ( 'NONE', ( #1782, #2068, #1810 ) ) ;
#1954 = VERTEX_POINT ( 'NONE', #385 ) ;
#1955 = VERTEX_POINT ( 'NONE', #465 ) ;
#1956 = VERTEX_POINT ( 'NONE', #386 ) ;
#1957 = VERTEX_POINT ( 'NONE', #396 ) ;
#1958 = EDGE_LOOP ( 'NONE', ( #1619, #1635, #1641, #1699 ) ) ;
#1959 = EDGE_LOOP ( 'NONE', ( #1671, #1765 ) ) ;
#1960 = EDGE_LOOP ( 'NONE', ( #2006, #1924 ) ) ;
#1961 = EDGE_LOOP ( 'NONE', ( #1908, #2136, #2137, #2138 ) ) ;
#1962 = EDGE_LOOP ( 'NONE', ( #1573, #1637, #1679, #1644 ) ) ;
#1963 = VERTEX_POINT ( 'NONE', #383 ) ;
#1964 = VERTEX_POINT ( 'NONE', #469 ) ;
#1965 = VERTEX_POINT ( 'NONE', #384 ) ;
#1966 = VERTEX_POINT ( 'NONE', #149 ) ;
#1967 = VERTEX_POINT ( 'NONE', #491 ) ;
#1968 = VERTEX_POINT ( 'NONE', #148 ) ;
#1969 = VERTEX_POINT ( 'NONE', #147 ) ;
#1970 = VERTEX_POINT ( 'NONE', #146 ) ;
#1971 = VERTEX_POINT ( 'NONE', #145 ) ;
#1972 = VERTEX_POINT ( 'NONE', #144 ) ;
#1973 = VERTEX_POINT ( 'NONE', #143 ) ;
#1974 = VERTEX_POINT ( 'NONE', #142 ) ;
#1975 = VERTEX_POINT ( 'NONE', #141 ) ;
#1976 = VERTEX_POINT ( 'NONE', #139 ) ;
#1977 = VERTEX_POINT ( 'NONE', #138 ) ;
#1978 = VERTEX_POINT ( 'NONE', #140 ) ;
#1979 = VERTEX_POINT ( 'NONE', #137 ) ;
#1980 = VERTEX_POINT ( 'NONE', #136 ) ;
#1981 = VERTEX_POINT ( 'NONE', #135 ) ;
#1982 = VERTEX_POINT ( 'NONE', #134 ) ;
#1983 = VERTEX_POINT ( 'NONE', #133 ) ;
#1984 = VERTEX_POINT ( 'NONE', #132 ) ;
#1985 = VERTEX_POINT ( 'NONE', #131 ) ;
#1986 = VERTEX_POINT ( 'NONE', #130 ) ;
#1987 = VERTEX_POINT ( 'NONE', #129 ) ;
#1988 = VERTEX_POINT ( 'NONE', #128 ) ;
#1989 = VERTEX_POINT ( 'NONE', #127 ) ;
#1990 = VERTEX_POINT ( 'NONE', #126 ) ;
#1991 = VERTEX_POINT ( 'NONE', #125 ) ;
#1992 = VERTEX_POINT ( 'NONE', #124 ) ;
#1993 = VERTEX_POINT ( 'NONE', #123 ) ;
#1994 = VERTEX_POINT ( 'NONE', #122 ) ;
#1995 = VERTEX_POINT ( 'NONE', #121 ) ;
#1996 = VERTEX_POINT ( 'NONE', #119 ) ;
#1997 = VERTEX_POINT ( 'NONE', #118 ) ;
#1998 = VERTEX_POINT ( 'NONE', #120 ) ;
#1999 = VERTEX_POINT ( 'NONE', #117 ) ;
#2000 = ORIENTED_EDGE ( 'NONE', *, *, #892, .F. ) ;
#2001 = ORIENTED_EDGE ( 'NONE', *, *, #976, .F. ) ;
#2002 = ORIENTED_EDGE ( 'NONE', *, *, #1043, .F. ) ;
#2003 = VERTEX_POINT ( 'NONE', #113 ) ;
#2004 = VERTEX_POINT ( 'NONE', #112 ) ;
#2005 = ORIENTED_EDGE ( 'NONE', *, *, #2707, .F. ) ;
#2006 = ORIENTED_EDGE ( 'NONE', *, *, #974, .F. ) ;
#2007 = VERTEX_POINT ( 'NONE', #115 ) ;
#2008 = VERTEX_POINT ( 'NONE', #116 ) ;
#2009 = VERTEX_POINT ( 'NONE', #114 ) ;
#2010 = ORIENTED_EDGE ( 'NONE', *, *, #1031, .T. ) ;
#2011 = ORIENTED_EDGE ( 'NONE', *, *, #955, .T. ) ;
#2012 = EDGE_LOOP ( 'NONE', ( #1610, #1634, #1678, #1645 ) ) ;
#2013 = ORIENTED_EDGE ( 'NONE', *, *, #872, .T. ) ;
#2014 = ORIENTED_EDGE ( 'NONE', *, *, #904, .T. ) ;
#2015 = ORIENTED_EDGE ( 'NONE', *, *, #973, .T. ) ;
#2016 = ORIENTED_EDGE ( 'NONE', *, *, #895, .F. ) ;
#2017 = VERTEX_POINT ( 'NONE', #108 ) ;
#2018 = VERTEX_POINT ( 'NONE', #111 ) ;
#2019 = VERTEX_POINT ( 'NONE', #106 ) ;
#2020 = EDGE_LOOP ( 'NONE', ( #1621, #1660, #2052, #1652 ) ) ;
#2021 = VERTEX_POINT ( 'NONE', #110 ) ;
#2022 = ORIENTED_EDGE ( 'NONE', *, *, #945, .F. ) ;
#2023 = ORIENTED_EDGE ( 'NONE', *, *, #1029, .T. ) ;
#2024 = VERTEX_POINT ( 'NONE', #109 ) ;
#2025 = VERTEX_POINT ( 'NONE', #104 ) ;
#2026 = VERTEX_POINT ( 'NONE', #103 ) ;
#2027 = ORIENTED_EDGE ( 'NONE', *, *, #925, .T. ) ;
#2028 = VERTEX_POINT ( 'NONE', #105 ) ;
#2029 = ORIENTED_EDGE ( 'NONE', *, *, #1003, .T. ) ;
#2030 = ORIENTED_EDGE ( 'NONE', *, *, #1045, .F. ) ;
#2031 = ORIENTED_EDGE ( 'NONE', *, *, #1043, .T. ) ;
#2032 = ORIENTED_EDGE ( 'NONE', *, *, #1044, .F. ) ;
#2033 = ORIENTED_EDGE ( 'NONE', *, *, #890, .F. ) ;
#2034 = ORIENTED_EDGE ( 'NONE', *, *, #954, .T. ) ;
#2035 = ORIENTED_EDGE ( 'NONE', *, *, #1033, .F. ) ;
#2036 = ORIENTED_EDGE ( 'NONE', *, *, #871, .F. ) ;
#2037 = ORIENTED_EDGE ( 'NONE', *, *, #883, .F. ) ;
#2038 = VERTEX_POINT ( 'NONE', #102 ) ;
#2039 = ORIENTED_EDGE ( 'NONE', *, *, #1037, .T. ) ;
#2040 = ORIENTED_EDGE ( 'NONE', *, *, #1047, .T. ) ;
#2041 = ORIENTED_EDGE ( 'NONE', *, *, #1010, .F. ) ;
#2042 = EDGE_LOOP ( 'NONE', ( #1739, #1735, #1740, #1719 ) ) ;
#2043 = VERTEX_POINT ( 'NONE', #98 ) ;
#2044 = ORIENTED_EDGE ( 'NONE', *, *, #926, .T. ) ;
#2045 = ORIENTED_EDGE ( 'NONE', *, *, #1029, .F. ) ;
#2046 = ORIENTED_EDGE ( 'NONE', *, *, #1014, .T. ) ;
#2047 = ORIENTED_EDGE ( 'NONE', *, *, #867, .F. ) ;
#2048 = ORIENTED_EDGE ( 'NONE', *, *, #896, .F. ) ;
#2049 = ORIENTED_EDGE ( 'NONE', *, *, #907, .T. ) ;
#2050 = ORIENTED_EDGE ( 'NONE', *, *, #938, .F. ) ;
#2051 = ORIENTED_EDGE ( 'NONE', *, *, #1030, .T. ) ;
#2052 = ORIENTED_EDGE ( 'NONE', *, *, #922, .F. ) ;
#2053 = ORIENTED_EDGE ( 'NONE', *, *, #1045, .T. ) ;
#2054 = ORIENTED_EDGE ( 'NONE', *, *, #1051, .F. ) ;
#2055 = ORIENTED_EDGE ( 'NONE', *, *, #960, .F. ) ;
#2056 = ORIENTED_EDGE ( 'NONE', *, *, #1052, .T. ) ;
#2057 = ORIENTED_EDGE ( 'NONE', *, *, #932, .F. ) ;
#2058 = ORIENTED_EDGE ( 'NONE', *, *, #1006, .T. ) ;
#2059 = ORIENTED_EDGE ( 'NONE', *, *, #1053, .T. ) ;
#2060 = ORIENTED_EDGE ( 'NONE', *, *, #1002, .F. ) ;
#2061 = ORIENTED_EDGE ( 'NONE', *, *, #1054, .F. ) ;
#2062 = ORIENTED_EDGE ( 'NONE', *, *, #1036, .F. ) ;
#2063 = ORIENTED_EDGE ( 'NONE', *, *, #1031, .F. ) ;
#2064 = ORIENTED_EDGE ( 'NONE', *, *, #1039, .T. ) ;
#2065 = ORIENTED_EDGE ( 'NONE', *, *, #874, .F. ) ;
#2066 = ORIENTED_EDGE ( 'NONE', *, *, #1052, .F. ) ;
#2067 = ORIENTED_EDGE ( 'NONE', *, *, #1034, .F. ) ;
#2068 = ORIENTED_EDGE ( 'NONE', *, *, #865, .T. ) ;
#2069 = ORIENTED_EDGE ( 'NONE', *, *, #876, .T. ) ;
#2070 = ORIENTED_EDGE ( 'NONE', *, *, #1054, .T. ) ;
#2071 = ORIENTED_EDGE ( 'NONE', *, *, #891, .F. ) ;
#2072 = ORIENTED_EDGE ( 'NONE', *, *, #990, .F. ) ;
#2073 = VERTEX_POINT ( 'NONE', #107 ) ;
#2074 = VERTEX_POINT ( 'NONE', #100 ) ;
#2075 = VERTEX_POINT ( 'NONE', #96 ) ;
#2076 = VERTEX_POINT ( 'NONE', #99 ) ;
#2077 = VERTEX_POINT ( 'NONE', #95 ) ;
#2078 = VERTEX_POINT ( 'NONE', #97 ) ;
#2079 = VERTEX_POINT ( 'NONE', #94 ) ;
#2080 = VERTEX_POINT ( 'NONE', #93 ) ;
#2081 = VERTEX_POINT ( 'NONE', #101 ) ;
#2082 = VERTEX_POINT ( 'NONE', #92 ) ;
#2083 = VERTEX_POINT ( 'NONE', #91 ) ;
#2084 = VERTEX_POINT ( 'NONE', #90 ) ;
#2085 = VERTEX_POINT ( 'NONE', #89 ) ;
#2086 = VERTEX_POINT ( 'NONE', #88 ) ;
#2087 = VERTEX_POINT ( 'NONE', #87 ) ;
#2088 = VERTEX_POINT ( 'NONE', #86 ) ;
#2089 = VERTEX_POINT ( 'NONE', #85 ) ;
#2090 = VERTEX_POINT ( 'NONE', #84 ) ;
#2091 = VERTEX_POINT ( 'NONE', #83 ) ;
#2092 = VERTEX_POINT ( 'NONE', #82 ) ;
#2093 = VERTEX_POINT ( 'NONE', #81 ) ;
#2094 = VERTEX_POINT ( 'NONE', #80 ) ;
#2095 = VERTEX_POINT ( 'NONE', #79 ) ;
#2096 = VERTEX_POINT ( 'NONE', #78 ) ;
#2097 = VERTEX_POINT ( 'NONE', #77 ) ;
#2098 = VERTEX_POINT ( 'NONE', #76 ) ;
#2099 = VERTEX_POINT ( 'NONE', #74 ) ;
#2100 = VERTEX_POINT ( 'NONE', #73 ) ;
#2101 = VERTEX_POINT ( 'NONE', #75 ) ;
#2102 = VERTEX_POINT ( 'NONE', #72 ) ;
#2103 = VERTEX_POINT ( 'NONE', #71 ) ;
#2104 = VERTEX_POINT ( 'NONE', #70 ) ;
#2105 = VERTEX_POINT ( 'NONE', #69 ) ;
#2106 = VERTEX_POINT ( 'NONE', #68 ) ;
#2107 = VERTEX_POINT ( 'NONE', #67 ) ;
#2108 = VERTEX_POINT ( 'NONE', #66 ) ;
#2109 = VERTEX_POINT ( 'NONE', #65 ) ;
#2110 = VERTEX_POINT ( 'NONE', #64 ) ;
#2111 = VERTEX_POINT ( 'NONE', #63 ) ;
#2112 = VERTEX_POINT ( 'NONE', #62 ) ;
#2113 = VERTEX_POINT ( 'NONE', #61 ) ;
#2114 = VERTEX_POINT ( 'NONE', #60 ) ;
#2115 = VERTEX_POINT ( 'NONE', #59 ) ;
#2116 = VERTEX_POINT ( 'NONE', #58 ) ;
#2117 = ORIENTED_EDGE ( 'NONE', *, *, #964, .F. ) ;
#2118 = ORIENTED_EDGE ( 'NONE', *, *, #933, .F. ) ;
#2119 = ORIENTED_EDGE ( 'NONE', *, *, #968, .F. ) ;
#2120 = ORIENTED_EDGE ( 'NONE', *, *, #932, .T. ) ;
#2121 = ORIENTED_EDGE ( 'NONE', *, *, #966, .T. ) ;
#2122 = ORIENTED_EDGE ( 'NONE', *, *, #969, .F. ) ;
#2123 = ORIENTED_EDGE ( 'NONE', *, *, #934, .F. ) ;
#2124 = ORIENTED_EDGE ( 'NONE', *, *, #939, .F. ) ;
#2125 = ORIENTED_EDGE ( 'NONE', *, *, #961, .F. ) ;
#2126 = ORIENTED_EDGE ( 'NONE', *, *, #938, .T. ) ;
#2127 = ORIENTED_EDGE ( 'NONE', *, *, #963, .F. ) ;
#2128 = ORIENTED_EDGE ( 'NONE', *, *, #1002, .T. ) ;
#2129 = ORIENTED_EDGE ( 'NONE', *, *, #967, .F. ) ;
#2130 = ORIENTED_EDGE ( 'NONE', *, *, #992, .F. ) ;
#2131 = ORIENTED_EDGE ( 'NONE', *, *, #991, .F. ) ;
#2132 = ORIENTED_EDGE ( 'NONE', *, *, #930, .F. ) ;
#2133 = ORIENTED_EDGE ( 'NONE', *, *, #929, .F. ) ;
#2134 = ORIENTED_EDGE ( 'NONE', *, *, #993, .F. ) ;
#2135 = ORIENTED_EDGE ( 'NONE', *, *, #931, .F. ) ;
#2136 = ORIENTED_EDGE ( 'NONE', *, *, #990, .T. ) ;
#2137 = ORIENTED_EDGE ( 'NONE', *, *, #933, .T. ) ;
#2138 = ORIENTED_EDGE ( 'NONE', *, *, #914, .F. ) ;
#2139 = ORIENTED_EDGE ( 'NONE', *, *, #998, .F. ) ;
#2140 = CIRCLE ( 'NONE', #1056, 12.99999999999999800 ) ;
#2141 = CIRCLE ( 'NONE', #1055, 10.00000000000000400 ) ;
#2142 = CIRCLE ( 'NONE', #1058, 12.49999999999999300 ) ;
#2143 = VECTOR ( 'NONE', #832, 1000.000000000000000 ) ;
#2144 = CIRCLE ( 'NONE', #1057, 12.49999999999999300 ) ;
#2145 = CIRCLE ( 'NONE', #1061, 13.00000000000001100 ) ;
#2146 = CIRCLE ( 'NONE', #1059, 9.999999999999998200 ) ;
#2147 = CIRCLE ( 'NONE', #1060, 10.00000000000000200 ) ;
#2148 = CIRCLE ( 'NONE', #1062, 13.00000000000000500 ) ;
#2149 = LINE ( 'NONE', #820, #2153 ) ;
#2150 = CIRCLE ( 'NONE', #1063, 10.00000000000000200 ) ;
#2151 = LINE ( 'NONE', #831, #2155 ) ;
#2152 = CIRCLE ( 'NONE', #1064, 10.00000000000000500 ) ;
#2153 = VECTOR ( 'NONE', #808, 999.9999999999998900 ) ;
#2154 = LINE ( 'NONE', #850, #2164 ) ;
#2155 = VECTOR ( 'NONE', #830, 1000.000000000000000 ) ;
#2156 = VECTOR ( 'NONE', #730, 1000.000000000000000 ) ;
#2157 = LINE ( 'NONE', #791, #2156 ) ;
#2158 = LINE ( 'NONE', #768, #2160 ) ;
#2159 = LINE ( 'NONE', #782, #2162 ) ;
#2160 = VECTOR ( 'NONE', #858, 1000.000000000000000 ) ;
#2161 = CIRCLE ( 'NONE', #1066, 4.750000000000032000 ) ;
#2162 = VECTOR ( 'NONE', #792, 999.9999999999998900 ) ;
#2163 = LINE ( 'NONE', #807, #2166 ) ;
#2164 = VECTOR ( 'NONE', #778, 1000.000000000000000 ) ;
#2165 = LINE ( 'NONE', #600, #2168 ) ;
#2166 = VECTOR ( 'NONE', #816, 1000.000000000000000 ) ;
#2167 = CIRCLE ( 'NONE', #1065, 12.99999999999999800 ) ;
#2168 = VECTOR ( 'NONE', #559, 1000.000000000000000 ) ;
#2169 = LINE ( 'NONE', #842, #2171 ) ;
#2170 = CIRCLE ( 'NONE', #1067, 4.750000000000032000 ) ;
#2171 = VECTOR ( 'NONE', #827, 1000.000000000000000 ) ;
#2172 = CIRCLE ( 'NONE', #1068, 4.750000000000032000 ) ;
#2173 = CIRCLE ( 'NONE', #1069, 4.750000000000046200 ) ;
#2174 = LINE ( 'NONE', #829, #2177 ) ;
#2175 = LINE ( 'NONE', #864, #2179 ) ;
#2176 = CIRCLE ( 'NONE', #1071, 2.750000000000002700 ) ;
#2177 = VECTOR ( 'NONE', #786, 1000.000000000000000 ) ;
#2178 = CIRCLE ( 'NONE', #1070, 2.750000000000002700 ) ;
#2179 = VECTOR ( 'NONE', #834, 1000.000000000000000 ) ;
#2180 = CIRCLE ( 'NONE', #1072, 2.750000000000002700 ) ;
#2181 = CIRCLE ( 'NONE', #1073, 2.750000000000002700 ) ;
#2182 = CIRCLE ( 'NONE', #1074, 2.750000000000002700 ) ;
#2183 = CIRCLE ( 'NONE', #1075, 2.750000000000002700 ) ;
#2184 = LINE ( 'NONE', #837, #2186 ) ;
#2185 = LINE ( 'NONE', #1292, #2190 ) ;
#2186 = VECTOR ( 'NONE', #1306, 1000.000000000000000 ) ;
#2187 = LINE ( 'NONE', #1344, #2188 ) ;
#2188 = VECTOR ( 'NONE', #1159, 1000.000000000000000 ) ;
#2189 = CIRCLE ( 'NONE', #1076, 4.750000000000046200 ) ;
#2190 = VECTOR ( 'NONE', #1270, 1000.000000000000000 ) ;
#2191 = LINE ( 'NONE', #1212, #2197 ) ;
#2192 = CIRCLE ( 'NONE', #1077, 106.3546052134308200 ) ;
#2193 = LINE ( 'NONE', #1211, #2195 ) ;
#2194 = LINE ( 'NONE', #1205, #2202 ) ;
#2195 = VECTOR ( 'NONE', #1182, 1000.000000000000000 ) ;
#2196 = CIRCLE ( 'NONE', #1078, 106.3546052134308300 ) ;
#2197 = VECTOR ( 'NONE', #1206, 1000.000000000000000 ) ;
#2198 = LINE ( 'NONE', #1207, #2200 ) ;
#2199 = CIRCLE ( 'NONE', #1079, 96.35460521343083000 ) ;
#2200 = VECTOR ( 'NONE', #1324, 1000.000000000000000 ) ;
#2201 = CIRCLE ( 'NONE', #1080, 8.000000000000000000 ) ;
#2202 = VECTOR ( 'NONE', #1201, 1000.000000000000000 ) ;
#2203 = CIRCLE ( 'NONE', #1081, 7.999999999999997300 ) ;
#2204 = CIRCLE ( 'NONE', #1083, 8.000000000000000000 ) ;
#2205 = CIRCLE ( 'NONE', #1082, 7.999999999999997300 ) ;
#2206 = CIRCLE ( 'NONE', #1084, 8.000000000000000000 ) ;
#2207 = LINE ( 'NONE', #1124, #2212 ) ;
#2208 = LINE ( 'NONE', #1123, #2210 ) ;
#2209 = LINE ( 'NONE', #1214, #2214 ) ;
#2210 = VECTOR ( 'NONE', #1239, 1000.000000000000000 ) ;
#2211 = LINE ( 'NONE', #1119, #2216 ) ;
#2212 = VECTOR ( 'NONE', #1118, 1000.000000000000000 ) ;
#2213 = CIRCLE ( 'NONE', #1085, 15.00000000000000700 ) ;
#2214 = VECTOR ( 'NONE', #1117, 1000.000000000000000 ) ;
#2215 = CIRCLE ( 'NONE', #1086, 2.750000000000002700 ) ;
#2216 = VECTOR ( 'NONE', #1116, 1000.000000000000000 ) ;
#2217 = LINE ( 'NONE', #1136, #2220 ) ;
#2218 = CIRCLE ( 'NONE', #1087, 4.750000000000032000 ) ;
#2219 = CIRCLE ( 'NONE', #1088, 2.750000000000002700 ) ;
#2220 = VECTOR ( 'NONE', #1114, 1000.000000000000000 ) ;
#2221 = LINE ( 'NONE', #1140, #2223 ) ;
#2222 = LINE ( 'NONE', #1147, #2226 ) ;
#2223 = VECTOR ( 'NONE', #1115, 1000.000000000000000 ) ;
#2224 = LINE ( 'NONE', #1146, #2228 ) ;
#2225 = LINE ( 'NONE', #1145, #2232 ) ;
#2226 = VECTOR ( 'NONE', #1144, 1000.000000000000100 ) ;
#2227 = LINE ( 'NONE', #1334, #2230 ) ;
#2228 = VECTOR ( 'NONE', #1149, 1000.000000000000000 ) ;
#2229 = LINE ( 'NONE', #1150, #2234 ) ;
#2230 = VECTOR ( 'NONE', #1333, 1000.000000000000000 ) ;
#2231 = CIRCLE ( 'NONE', #1089, 4.750000000000046200 ) ;
#2232 = VECTOR ( 'NONE', #1332, 999.9999999999998900 ) ;
#2233 = CIRCLE ( 'NONE', #1091, 19.49999999999999300 ) ;
#2234 = VECTOR ( 'NONE', #1330, 1000.000000000000100 ) ;
#2235 = CIRCLE ( 'NONE', #1090, 15.00000000000000000 ) ;
#2236 = LINE ( 'NONE', #1329, #2239 ) ;
#2237 = LINE ( 'NONE', #1325, #2244 ) ;
#2238 = CIRCLE ( 'NONE', #1092, 15.00000000000000700 ) ;
#2239 = VECTOR ( 'NONE', #1331, 1000.000000000000000 ) ;
#2240 = LINE ( 'NONE', #1153, #2242 ) ;
#2241 = CIRCLE ( 'NONE', #1094, 8.000000000000000000 ) ;
#2242 = VECTOR ( 'NONE', #1129, 1000.000000000000000 ) ;
#2243 = CIRCLE ( 'NONE', #1093, 15.00000000000000000 ) ;
#2244 = VECTOR ( 'NONE', #1263, 1000.000000000000000 ) ;
#2245 = LINE ( 'NONE', #1174, #2248 ) ;
#2246 = LINE ( 'NONE', #1164, #2257 ) ;
#2247 = CIRCLE ( 'NONE', #1095, 15.00000000000000000 ) ;
#2248 = VECTOR ( 'NONE', #1160, 1000.000000000000000 ) ;
#2249 = CIRCLE ( 'NONE', #1096, 96.35460521343083000 ) ;
#2250 = LINE ( 'NONE', #1172, #2252 ) ;
#2251 = CIRCLE ( 'NONE', #1097, 2.750000000000002700 ) ;
#2252 = VECTOR ( 'NONE', #1176, 1000.000000000000000 ) ;
#2253 = LINE ( 'NONE', #1162, #2255 ) ;
#2254 = LINE ( 'NONE', #1265, #2259 ) ;
#2255 = VECTOR ( 'NONE', #1175, 1000.000000000000000 ) ;
#2256 = CIRCLE ( 'NONE', #1098, 2.750000000000002700 ) ;
#2257 = VECTOR ( 'NONE', #1256, 1000.000000000000000 ) ;
#2258 = CIRCLE ( 'NONE', #1099, 2.750000000000002700 ) ;
#2259 = VECTOR ( 'NONE', #1257, 1000.000000000000000 ) ;
#2260 = LINE ( 'NONE', #1177, #2262 ) ;
#2261 = LINE ( 'NONE', #1165, #2264 ) ;
#2262 = VECTOR ( 'NONE', #1261, 1000.000000000000000 ) ;
#2263 = CIRCLE ( 'NONE', #1100, 4.750000000000046200 ) ;
#2264 = VECTOR ( 'NONE', #1178, 1000.000000000000000 ) ;
#2265 = LINE ( 'NONE', #1168, #2267 ) ;
#2266 = CIRCLE ( 'NONE', #1102, 2.750000000000002700 ) ;
#2267 = VECTOR ( 'NONE', #1252, 1000.000000000000100 ) ;
#2268 = CIRCLE ( 'NONE', #1101, 15.00000000000001400 ) ;
#2269 = LINE ( 'NONE', #1245, #2271 ) ;
#2270 = CIRCLE ( 'NONE', #1104, 4.750000000000032000 ) ;
#2271 = VECTOR ( 'NONE', #1246, 1000.000000000000100 ) ;
#2272 = CIRCLE ( 'NONE', #1103, 15.00000000000000000 ) ;
#2273 = LINE ( 'NONE', #1266, #2275 ) ;
#2274 = CIRCLE ( 'NONE', #1105, 2.750000000000002700 ) ;
#2275 = VECTOR ( 'NONE', #1350, 1000.000000000000000 ) ;
#2276 = LINE ( 'NONE', #1353, #2278 ) ;
#2277 = CIRCLE ( 'NONE', #1108, 10.00000000000000200 ) ;
#2278 = VECTOR ( 'NONE', #1355, 1000.000000000000000 ) ;
#2279 = CIRCLE ( 'NONE', #1106, 2.750000000000002700 ) ;
#2280 = CIRCLE ( 'NONE', #1107, 96.35460521343083000 ) ;
#2281 = CIRCLE ( 'NONE', #1109, 9.999999999999998200 ) ;
#2282 = LINE ( 'NONE', #1377, #2286 ) ;
#2283 = CIRCLE ( 'NONE', #1110, 12.49999999999999300 ) ;
#2284 = CIRCLE ( 'NONE', #576, 5.000000000000000000 ) ;
#2285 = CIRCLE ( 'NONE', #1111, 12.49999999999999300 ) ;
#2286 = VECTOR ( 'NONE', #1372, 1000.000000000000000 ) ;
#2287 = LINE ( 'NONE', #1368, #2289 ) ;
#2288 = CIRCLE ( 'NONE', #574, 14.49999999999998900 ) ;
#2289 = VECTOR ( 'NONE', #1376, 1000.000000000000000 ) ;
#2290 = CIRCLE ( 'NONE', #578, 4.999999999999997300 ) ;
#2291 = CIRCLE ( 'NONE', #579, 14.49999999999999300 ) ;
#2292 = CIRCLE ( 'NONE', #581, 19.49999999999999300 ) ;
#2293 = CIRCLE ( 'NONE', #580, 4.999999999999997300 ) ;
#2294 = CIRCLE ( 'NONE', #582, 5.000000000000000000 ) ;
#2295 = CIRCLE ( 'NONE', #583, 14.49999999999998900 ) ;
#2296 = LINE ( 'NONE', #1408, #2299 ) ;
#2297 = LINE ( 'NONE', #1418, #2305 ) ;
#2298 = CIRCLE ( 'NONE', #584, 14.49999999999999300 ) ;
#2299 = VECTOR ( 'NONE', #1390, 1000.000000000000000 ) ;
#2300 = LINE ( 'NONE', #1394, #2302 ) ;
#2301 = CIRCLE ( 'NONE', #585, 96.35460521343083000 ) ;
#2302 = VECTOR ( 'NONE', #1407, 1000.000000000000000 ) ;
#2303 = CIRCLE ( 'NONE', #587, 4.750000000000032000 ) ;
#2304 = CIRCLE ( 'NONE', #586, 2.750000000000002700 ) ;
#2305 = VECTOR ( 'NONE', #1412, 1000.000000000000000 ) ;
#2306 = LINE ( 'NONE', #1417, #2308 ) ;
#2307 = CIRCLE ( 'NONE', #589, 2.750000000000002700 ) ;
#2308 = VECTOR ( 'NONE', #1416, 1000.000000000000000 ) ;
#2309 = CIRCLE ( 'NONE', #588, 2.750000000000002700 ) ;
#2310 = LINE ( 'NONE', #1425, #2312 ) ;
#2311 = CIRCLE ( 'NONE', #590, 4.750000000000032000 ) ;
#2312 = VECTOR ( 'NONE', #1426, 1000.000000000000000 ) ;
#2313 = CIRCLE ( 'NONE', #592, 2.750000000000002700 ) ;
#2314 = LINE ( 'NONE', #1442, #2321 ) ;
#2315 = LINE ( 'NONE', #1433, #2317 ) ;
#2316 = LINE ( 'NONE', #1446, #2319 ) ;
#2317 = VECTOR ( 'NONE', #1437, 1000.000000000000000 ) ;
#2318 = LINE ( 'NONE', #1441, #2325 ) ;
#2319 = VECTOR ( 'NONE', #1448, 1000.000000000000000 ) ;
#2320 = LINE ( 'NONE', #1450, #2323 ) ;
#2321 = VECTOR ( 'NONE', #1449, 1000.000000000000000 ) ;
#2322 = LINE ( 'NONE', #1457, #2334 ) ;
#2323 = VECTOR ( 'NONE', #1452, 1000.000000000000000 ) ;
#2324 = LINE ( 'NONE', #1454, #2327 ) ;
#2325 = VECTOR ( 'NONE', #1453, 1000.000000000000000 ) ;
#2326 = CIRCLE ( 'NONE', #593, 15.00000000000000700 ) ;
#2327 = VECTOR ( 'NONE', #1455, 1000.000000000000000 ) ;
#2328 = LINE ( 'NONE', #1451, #2330 ) ;
#2329 = LINE ( 'NONE', #1461, #2332 ) ;
#2330 = VECTOR ( 'NONE', #1447, 1000.000000000000000 ) ;
#2331 = LINE ( 'NONE', #1456, #2340 ) ;
#2332 = VECTOR ( 'NONE', #1463, 1000.000000000000000 ) ;
#2333 = LINE ( 'NONE', #1465, #2336 ) ;
#2334 = VECTOR ( 'NONE', #1464, 1000.000000000000000 ) ;
#2335 = LINE ( 'NONE', #1467, #2338 ) ;
#2336 = VECTOR ( 'NONE', #1466, 1000.000000000000000 ) ;
#2337 = LINE ( 'NONE', #1504, #2349 ) ;
#2338 = VECTOR ( 'NONE', #1469, 1000.000000000000000 ) ;
#2339 = CIRCLE ( 'NONE', #594, 19.49999999999999300 ) ;
#2340 = VECTOR ( 'NONE', #1470, 999.9999999999998900 ) ;
#2341 = LINE ( 'NONE', #1468, #2343 ) ;
#2342 = CIRCLE ( 'NONE', #595, 104.3546052134308200 ) ;
#2343 = VECTOR ( 'NONE', #1462, 1000.000000000000000 ) ;
#2344 = LINE ( 'NONE', #1498, #2347 ) ;
#2345 = CIRCLE ( 'NONE', #596, 8.000000000000000000 ) ;
#2346 = LINE ( 'NONE', #1511, #2356 ) ;
#2347 = VECTOR ( 'NONE', #1499, 1000.000000000000000 ) ;
#2348 = CIRCLE ( 'NONE', #597, 104.3546052134308200 ) ;
#2349 = VECTOR ( 'NONE', #1509, 999.9999999999998900 ) ;
#2350 = LINE ( 'NONE', #1508, #2352 ) ;
#2351 = LINE ( 'NONE', #1515, #2354 ) ;
#2352 = VECTOR ( 'NONE', #1503, 999.9999999999998900 ) ;
#2353 = CIRCLE ( 'NONE', #604, 5.000000000000004400 ) ;
#2354 = VECTOR ( 'NONE', #1517, 1000.000000000000000 ) ;
#2355 = CIRCLE ( 'NONE', #598, 104.3546052134308200 ) ;
#2356 = VECTOR ( 'NONE', #1518, 1000.000000000000000 ) ;
#2357 = LINE ( 'NONE', #1516, #2359 ) ;
#2358 = CIRCLE ( 'NONE', #599, 104.3546052134308200 ) ;
#2359 = VECTOR ( 'NONE', #1510, 1000.000000000000000 ) ;
#2360 = CIRCLE ( 'NONE', #601, 19.49999999999999300 ) ;
#2361 = CIRCLE ( 'NONE', #603, 5.000000000000000000 ) ;
#2362 = CIRCLE ( 'NONE', #605, 96.35460521343083000 ) ;
#2363 = CIRCLE ( 'NONE', #615, 5.000000000000000000 ) ;
#2364 = CIRCLE ( 'NONE', #606, 106.3546052134308300 ) ;
#2365 = CIRCLE ( 'NONE', #607, 106.3546052134308200 ) ;
#2366 = CIRCLE ( 'NONE', #608, 96.35460521343083000 ) ;
#2367 = LINE ( 'NONE', #541, #2369 ) ;
#2368 = LINE ( 'NONE', #547, #2371 ) ;
#2369 = VECTOR ( 'NONE', #543, 999.9999999999998900 ) ;
#2370 = CIRCLE ( 'NONE', #609, 2.750000000000002700 ) ;
#2371 = VECTOR ( 'NONE', #548, 999.9999999999998900 ) ;
#2372 = CIRCLE ( 'NONE', #610, 2.750000000000002700 ) ;
#2373 = CIRCLE ( 'NONE', #611, 5.000000000000000000 ) ;
#2374 = CIRCLE ( 'NONE', #612, 5.000000000000000000 ) ;
#2375 = CIRCLE ( 'NONE', #613, 5.000000000000000000 ) ;
#2376 = CIRCLE ( 'NONE', #614, 5.000000000000000000 ) ;
#2377 = CIRCLE ( 'NONE', #618, 2.000000000000001800 ) ;
#2378 = CIRCLE ( 'NONE', #616, 5.000000000000000000 ) ;
#2379 = CIRCLE ( 'NONE', #617, 2.000000000000000000 ) ;
#2380 = CIRCLE ( 'NONE', #620, 2.000000000000000000 ) ;
#2381 = CIRCLE ( 'NONE', #619, 2.000000000000000000 ) ;
#2382 = CIRCLE ( 'NONE', #622, 2.000000000000000000 ) ;
#2383 = CIRCLE ( 'NONE', #624, 2.000000000000001800 ) ;
#2384 = CIRCLE ( 'NONE', #626, 2.000000000000000000 ) ;
#2385 = CIRCLE ( 'NONE', #627, 2.000000000000000000 ) ;
#2386 = CIRCLE ( 'NONE', #628, 2.750000000000002700 ) ;
#2387 = CYLINDRICAL_SURFACE ( 'NONE', #640, 2.750000000000002700 ) ;
#2388 = CIRCLE ( 'NONE', #631, 2.750000000000002700 ) ;
#2389 = CIRCLE ( 'NONE', #633, 2.750000000000002700 ) ;
#2390 = CIRCLE ( 'NONE', #634, 2.750000000000002700 ) ;
#2391 = FACE_OUTER_BOUND ( 'NONE', #1961, .T. ) ;
#2392 = FACE_OUTER_BOUND ( 'NONE', #1877, .T. ) ;
#2393 = FACE_OUTER_BOUND ( 'NONE', #1931, .T. ) ;
#2394 = CYLINDRICAL_SURFACE ( 'NONE', #638, 2.750000000000002700 ) ;
#2395 = FACE_OUTER_BOUND ( 'NONE', #1962, .T. ) ;
#2396 = FACE_OUTER_BOUND ( 'NONE', #1911, .T. ) ;
#2397 = FACE_OUTER_BOUND ( 'NONE', #1918, .T. ) ;
#2398 = FACE_OUTER_BOUND ( 'NONE', #1921, .T. ) ;
#2399 = TOROIDAL_SURFACE ( 'NONE', #637, 96.35460521343083000, 8.000000000000000000 ) ;
#2400 = FACE_OUTER_BOUND ( 'NONE', #1913, .T. ) ;
#2401 = CYLINDRICAL_SURFACE ( 'NONE', #641, 106.3546052134308200 ) ;
#2402 = TOROIDAL_SURFACE ( 'NONE', #636, 96.35460521343083000, 10.00000000000000000 ) ;
#2403 = CYLINDRICAL_SURFACE ( 'NONE', #643, 5.000000000000000000 ) ;
#2404 = FACE_OUTER_BOUND ( 'NONE', #1769, .T. ) ;
#2405 = CYLINDRICAL_SURFACE ( 'NONE', #644, 106.3546052134308200 ) ;
#2406 = FACE_OUTER_BOUND ( 'NONE', #1547, .T. ) ;
#2407 = FACE_OUTER_BOUND ( 'NONE', #1878, .T. ) ;
#2408 = TOROIDAL_SURFACE ( 'NONE', #645, 96.35460521343083000, 10.00000000000000000 ) ;
#2409 = CYLINDRICAL_SURFACE ( 'NONE', #646, 2.750000000000002700 ) ;
#2410 = FACE_OUTER_BOUND ( 'NONE', #1915, .T. ) ;
#2411 = CYLINDRICAL_SURFACE ( 'NONE', #647, 9.999999999999998200 ) ;
#2412 = FACE_OUTER_BOUND ( 'NONE', #2012, .T. ) ;
#2413 = FACE_OUTER_BOUND ( 'NONE', #1930, .T. ) ;
#2414 = SPHERICAL_SURFACE ( 'NONE', #652, 10.00000000000000000 ) ;
#2415 = CYLINDRICAL_SURFACE ( 'NONE', #648, 5.000000000000000000 ) ;
#2416 = CYLINDRICAL_SURFACE ( 'NONE', #649, 14.49999999999998900 ) ;
#2417 = FACE_OUTER_BOUND ( 'NONE', #1555, .T. ) ;
#2418 = CYLINDRICAL_SURFACE ( 'NONE', #650, 104.3546052134308200 ) ;
#2419 = TOROIDAL_SURFACE ( 'NONE', #656, 19.49999999999999300, 5.000000000000000000 ) ;
#2420 = FACE_OUTER_BOUND ( 'NONE', #1905, .T. ) ;
#2421 = FACE_OUTER_BOUND ( 'NONE', #1919, .T. ) ;
#2422 = CYLINDRICAL_SURFACE ( 'NONE', #653, 2.750000000000002700 ) ;
#2423 = CYLINDRICAL_SURFACE ( 'NONE', #655, 12.49999999999999300 ) ;
#2424 = TOROIDAL_SURFACE ( 'NONE', #659, 19.49999999999999300, 5.000000000000000000 ) ;
#2425 = FACE_OUTER_BOUND ( 'NONE', #1758, .T. ) ;
#2426 = FACE_OUTER_BOUND ( 'NONE', #1909, .T. ) ;
#2427 = FACE_OUTER_BOUND ( 'NONE', #1772, .T. ) ;
#2428 = FACE_OUTER_BOUND ( 'NONE', #1951, .T. ) ;
#2429 = FACE_OUTER_BOUND ( 'NONE', #1825, .T. ) ;
#2430 = SPHERICAL_SURFACE ( 'NONE', #663, 10.00000000000000000 ) ;
#2431 = CYLINDRICAL_SURFACE ( 'NONE', #662, 2.750000000000002700 ) ;
#2432 = TOROIDAL_SURFACE ( 'NONE', #661, 96.35460521343083000, 10.00000000000000000 ) ;
#2433 = FACE_OUTER_BOUND ( 'NONE', #1914, .T. ) ;
#2434 = FACE_OUTER_BOUND ( 'NONE', #1953, .T. ) ;
#2435 = FACE_OUTER_BOUND ( 'NONE', #1556, .T. ) ;
#2436 = FACE_OUTER_BOUND ( 'NONE', #1947, .T. ) ;
#2437 = CYLINDRICAL_SURFACE ( 'NONE', #665, 10.00000000000000000 ) ;
#2438 = FACE_OUTER_BOUND ( 'NONE', #1870, .T. ) ;
#2439 = FACE_OUTER_BOUND ( 'NONE', #1836, .T. ) ;
#2440 = FACE_OUTER_BOUND ( 'NONE', #1929, .T. ) ;
#2441 = TOROIDAL_SURFACE ( 'NONE', #673, 13.00000000000000700, 2.000000000000000000 ) ;
#2442 = CYLINDRICAL_SURFACE ( 'NONE', #670, 2.750000000000002700 ) ;
#2443 = FACE_OUTER_BOUND ( 'NONE', #1544, .T. ) ;
#2444 = FACE_OUTER_BOUND ( 'NONE', #1695, .T. ) ;
#2445 = FACE_OUTER_BOUND ( 'NONE', #1553, .T. ) ;
#2446 = CONICAL_SURFACE ( 'NONE', #669, 2.750000000000002700, 0.7853981633974536100 ) ;
#2447 = FACE_OUTER_BOUND ( 'NONE', #1537, .T. ) ;
#2448 = CONICAL_SURFACE ( 'NONE', #666, 2.750000000000002700, 0.7853981633974570500 ) ;
#2449 = FACE_OUTER_BOUND ( 'NONE', #1920, .T. ) ;
#2450 = CYLINDRICAL_SURFACE ( 'NONE', #675, 2.750000000000002700 ) ;
#2451 = FACE_OUTER_BOUND ( 'NONE', #1906, .T. ) ;
#2452 = CYLINDRICAL_SURFACE ( 'NONE', #676, 2.000000000000000000 ) ;
#2453 = FACE_OUTER_BOUND ( 'NONE', #1884, .T. ) ;
#2454 = CYLINDRICAL_SURFACE ( 'NONE', #677, 5.000000000000000000 ) ;
#2455 = FACE_OUTER_BOUND ( 'NONE', #1890, .T. ) ;
#2456 = FACE_OUTER_BOUND ( 'NONE', #1534, .T. ) ;
#2457 = CYLINDRICAL_SURFACE ( 'NONE', #681, 5.000000000000000000 ) ;
#2458 = CONICAL_SURFACE ( 'NONE', #674, 2.750000000000002700, 0.7853981633974536100 ) ;
#2459 = FACE_OUTER_BOUND ( 'NONE', #1879, .T. ) ;
#2460 = CONICAL_SURFACE ( 'NONE', #671, 2.750000000000002700, 0.7853981633974536100 ) ;
#2461 = FACE_OUTER_BOUND ( 'NONE', #1880, .T. ) ;
#2462 = CYLINDRICAL_SURFACE ( 'NONE', #682, 2.750000000000002700 ) ;
#2463 = CYLINDRICAL_SURFACE ( 'NONE', #685, 2.750000000000002700 ) ;
#2464 = CYLINDRICAL_SURFACE ( 'NONE', #683, 2.750000000000002700 ) ;
#2465 = SPHERICAL_SURFACE ( 'NONE', #688, 8.000000000000000000 ) ;
#2466 = FACE_OUTER_BOUND ( 'NONE', #1917, .T. ) ;
#2467 = FACE_OUTER_BOUND ( 'NONE', #1876, .T. ) ;
#2468 = CONICAL_SURFACE ( 'NONE', #680, 2.750000000000002700, 0.7853981633974536100 ) ;
#2469 = TOROIDAL_SURFACE ( 'NONE', #678, 19.49999999999999300, 5.000000000000000000 ) ;
#2470 = CYLINDRICAL_SURFACE ( 'NONE', #686, 2.750000000000002700 ) ;
#2471 = FACE_OUTER_BOUND ( 'NONE', #1550, .T. ) ;
#2472 = CYLINDRICAL_SURFACE ( 'NONE', #687, 15.00000000000000000 ) ;
#2473 = TOROIDAL_SURFACE ( 'NONE', #690, 19.49999999999999300, 5.000000000000000000 ) ;
#2474 = FACE_OUTER_BOUND ( 'NONE', #1946, .T. ) ;
#2475 = FACE_OUTER_BOUND ( 'NONE', #1552, .T. ) ;
#2476 = FACE_OUTER_BOUND ( 'NONE', #1875, .T. ) ;
#2477 = FACE_OUTER_BOUND ( 'NONE', #1881, .T. ) ;
#2478 = FACE_OUTER_BOUND ( 'NONE', #1761, .T. ) ;
#2479 = FACE_OUTER_BOUND ( 'NONE', #1570, .T. ) ;
#2480 = FACE_OUTER_BOUND ( 'NONE', #2042, .T. ) ;
#2481 = CYLINDRICAL_SURFACE ( 'NONE', #694, 15.00000000000000000 ) ;
#2482 = FACE_OUTER_BOUND ( 'NONE', #1551, .T. ) ;
#2483 = CYLINDRICAL_SURFACE ( 'NONE', #695, 8.000000000000000000 ) ;
#2484 = FACE_OUTER_BOUND ( 'NONE', #1764, .T. ) ;
#2485 = FACE_OUTER_BOUND ( 'NONE', #1763, .T. ) ;
#2486 = CYLINDRICAL_SURFACE ( 'NONE', #697, 15.00000000000001400 ) ;
#2487 = FACE_BOUND ( 'NONE', #1771, .T. ) ;
#2488 = FACE_OUTER_BOUND ( 'NONE', #1696, .T. ) ;
#2489 = CYLINDRICAL_SURFACE ( 'NONE', #699, 14.49999999999998900 ) ;
#2490 = FACE_OUTER_BOUND ( 'NONE', #1766, .T. ) ;
#2491 = FACE_BOUND ( 'NONE', #1542, .T. ) ;
#2492 = FACE_OUTER_BOUND ( 'NONE', #1554, .T. ) ;
#2493 = FACE_OUTER_BOUND ( 'NONE', #1770, .T. ) ;
#2494 = FACE_OUTER_BOUND ( 'NONE', #1798, .T. ) ;
#2495 = CONICAL_SURFACE ( 'NONE', #693, 2.750000000000002700, 0.7853981633974570500 ) ;
#2496 = FACE_OUTER_BOUND ( 'NONE', #2020, .T. ) ;
#2497 = CYLINDRICAL_SURFACE ( 'NONE', #704, 104.3546052134308200 ) ;
#2498 = FACE_OUTER_BOUND ( 'NONE', #1762, .T. ) ;
#2499 = TOROIDAL_SURFACE ( 'NONE', #705, 13.00000000000000000, 2.000000000000000000 ) ;
#2500 = SPHERICAL_SURFACE ( 'NONE', #709, 8.000000000000000000 ) ;
#2501 = CONICAL_SURFACE ( 'NONE', #702, 2.750000000000002700, 0.7853981633974536100 ) ;
#2502 = TOROIDAL_SURFACE ( 'NONE', #706, 96.35460521343083000, 8.000000000000000000 ) ;
#2503 = CYLINDRICAL_SURFACE ( 'NONE', #707, 8.000000000000000000 ) ;
#2504 = FACE_OUTER_BOUND ( 'NONE', #1950, .T. ) ;
#2505 = CYLINDRICAL_SURFACE ( 'NONE', #708, 8.000000000000000000 ) ;
#2506 = TOROIDAL_SURFACE ( 'NONE', #711, 96.35460521343083000, 8.000000000000000000 ) ;
#2507 = FACE_OUTER_BOUND ( 'NONE', #1940, .T. ) ;
#2508 = FACE_OUTER_BOUND ( 'NONE', #1539, .T. ) ;
#2509 = FACE_OUTER_BOUND ( 'NONE', #1704, .T. ) ;
#2510 = FACE_OUTER_BOUND ( 'NONE', #1755, .T. ) ;
#2511 = FACE_OUTER_BOUND ( 'NONE', #1910, .T. ) ;
#2512 = FACE_BOUND ( 'NONE', #1907, .T. ) ;
#2513 = CYLINDRICAL_SURFACE ( 'NONE', #712, 15.00000000000000700 ) ;
#2514 = FACE_BOUND ( 'NONE', #1543, .T. ) ;
#2515 = FACE_BOUND ( 'NONE', #1904, .T. ) ;
#2516 = FACE_BOUND ( 'NONE', #1872, .T. ) ;
#2517 = CYLINDRICAL_SURFACE ( 'NONE', #715, 12.49999999999999300 ) ;
#2518 = FACE_BOUND ( 'NONE', #1869, .T. ) ;
#2519 = FACE_BOUND ( 'NONE', #1549, .T. ) ;
#2520 = FACE_OUTER_BOUND ( 'NONE', #1548, .T. ) ;
#2521 = FACE_BOUND ( 'NONE', #1891, .T. ) ;
#2522 = FACE_BOUND ( 'NONE', #1867, .T. ) ;
#2523 = FACE_BOUND ( 'NONE', #1541, .T. ) ;
#2524 = FACE_BOUND ( 'NONE', #1959, .T. ) ;
#2525 = FACE_BOUND ( 'NONE', #1538, .T. ) ;
#2526 = FACE_BOUND ( 'NONE', #1941, .T. ) ;
#2527 = FACE_BOUND ( 'NONE', #1873, .T. ) ;
#2528 = FACE_BOUND ( 'NONE', #1759, .T. ) ;
#2529 = FACE_OUTER_BOUND ( 'NONE', #1874, .T. ) ;
#2530 = FACE_OUTER_BOUND ( 'NONE', #1958, .T. ) ;
#2531 = FACE_OUTER_BOUND ( 'NONE', #1760, .T. ) ;
#2532 = FACE_OUTER_BOUND ( 'NONE', #1757, .T. ) ;
#2533 = FACE_OUTER_BOUND ( 'NONE', #1535, .T. ) ;
#2534 = CYLINDRICAL_SURFACE ( 'NONE', #719, 10.00000000000000200 ) ;
#2535 = TOROIDAL_SURFACE ( 'NONE', #717, 13.00000000000000000, 2.000000000000000000 ) ;
#2536 = CYLINDRICAL_SURFACE ( 'NONE', #720, 2.000000000000000000 ) ;
#2537 = CYLINDRICAL_SURFACE ( 'NONE', #721, 2.000000000000001800 ) ;
#2538 = FACE_OUTER_BOUND ( 'NONE', #1536, .T. ) ;
#2539 = FACE_OUTER_BOUND ( 'NONE', #1697, .T. ) ;
#2540 = FACE_OUTER_BOUND ( 'NONE', #1545, .T. ) ;
#2541 = CYLINDRICAL_SURFACE ( 'NONE', #722, 2.000000000000001800 ) ;
#2542 = FACE_OUTER_BOUND ( 'NONE', #1943, .T. ) ;
#2543 = FACE_BOUND ( 'NONE', #1916, .T. ) ;
#2544 = FACE_OUTER_BOUND ( 'NONE', #1540, .T. ) ;
#2545 = CYLINDRICAL_SURFACE ( 'NONE', #723, 2.750000000000002700 ) ;
#2546 = FACE_OUTER_BOUND ( 'NONE', #1868, .T. ) ;
#2547 = FACE_OUTER_BOUND ( 'NONE', #1942, .T. ) ;
#2548 = FACE_OUTER_BOUND ( 'NONE', #1871, .T. ) ;
#2549 = FACE_OUTER_BOUND ( 'NONE', #1897, .T. ) ;
#2550 = FACE_BOUND ( 'NONE', #1960, .T. ) ;
#2551 = FACE_OUTER_BOUND ( 'NONE', #1827, .T. ) ;
#2552 = LINE ( 'NONE', #2829, #2559 ) ;
#2553 = FACE_OUTER_BOUND ( 'NONE', #1912, .T. ) ;
#2554 = FACE_OUTER_BOUND ( 'NONE', #1866, .T. ) ;
#2555 = CONICAL_SURFACE ( 'NONE', #726, 2.750000000000002700, 0.7853981633974536100 ) ;
#2556 = CONICAL_SURFACE ( 'NONE', #728, 2.750000000000002700, 0.7853981633974570500 ) ;
#2557 = TOROIDAL_SURFACE ( 'NONE', #734, 13.00000000000000700, 2.000000000000000000 ) ;
#2558 = CONICAL_SURFACE ( 'NONE', #729, 2.750000000000002700, 0.7853981633974536100 ) ;
#2559 = VECTOR ( 'NONE', #2828, 1000.000000000000000 ) ;
#2560 = CONICAL_SURFACE ( 'NONE', #731, 2.750000000000002700, 0.7853981633974536100 ) ;
#2561 = CIRCLE ( 'NONE', #733, 4.750000000000032000 ) ;
#2562 = CONICAL_SURFACE ( 'NONE', #732, 2.750000000000002700, 0.7853981633974570500 ) ;
#2563 = LINE ( 'NONE', #2832, #2564 ) ;
#2564 = VECTOR ( 'NONE', #2830, 1000.000000000000000 ) ;
#2565 = SHAPE_DEFINITION_REPRESENTATION ( #2595, #2608 ) ;
#2566 = COORDINATED_UNIVERSAL_TIME_OFFSET ( 0, 0, .AHEAD. ) ;
#2567 = APPROVAL_PERSON_ORGANIZATION ( #2569, #747, #2900 ) ;
#2568 = CALENDAR_DATE ( 2013, 14, 4 ) ;
#2569 = PERSON_AND_ORGANIZATION ( #1113, #2583 ) ;
#2570 = DATE_AND_TIME ( #2571, #2576 ) ;
#2571 = CALENDAR_DATE ( 2013, 14, 4 ) ;
#2572 = PERSON_AND_ORGANIZATION ( #1113, #2583 ) ;
#2573 = COORDINATED_UNIVERSAL_TIME_OFFSET ( 0, 0, .AHEAD. ) ;
#2574 = LOCAL_TIME ( 22, 29, 34.00000000000000000, #2573 ) ;
#2575 = COORDINATED_UNIVERSAL_TIME_OFFSET ( 0, 0, .AHEAD. ) ;
#2576 = LOCAL_TIME ( 22, 29, 34.00000000000000000, #2575 ) ;
#2577 = APPROVAL_PERSON_ORGANIZATION ( #2572, #756, #2893 ) ;
#2578 = COORDINATED_UNIVERSAL_TIME_OFFSET ( 0, 0, .AHEAD. ) ;
#2579 = LOCAL_TIME ( 22, 29, 34.00000000000000000, #2566 ) ;
#2580 = APPROVAL_DATE_TIME ( #2585, #741 ) ;
#2581 = CALENDAR_DATE ( 2013, 14, 4 ) ;
#2582 = COORDINATED_UNIVERSAL_TIME_OFFSET ( 0, 0, .AHEAD. ) ;
#2583 = ORGANIZATION ( 'UNSPECIFIED', 'UNSPECIFIED', '' ) ;
#2584 = PERSON_AND_ORGANIZATION ( #1113, #2583 ) ;
#2585 = DATE_AND_TIME ( #2590, #2579 ) ;
#2586 = PERSON_AND_ORGANIZATION ( #1113, #2583 ) ;
#2587 = PERSON_AND_ORGANIZATION ( #1113, #2583 ) ;
#2588 = APPROVAL_DATE_TIME ( #2592, #747 ) ;
#2589 = DATE_AND_TIME ( #2568, #2593 ) ;
#2590 = CALENDAR_DATE ( 2013, 14, 4 ) ;
#2591 = APPROVAL_PERSON_ORGANIZATION ( #2587, #741, #2904 ) ;
#2592 = DATE_AND_TIME ( #2581, #2598 ) ;
#2593 = LOCAL_TIME ( 22, 29, 34.00000000000000000, #2578 ) ;
#2594 = DESIGN_CONTEXT ( 'detailed design', #2907, 'design' ) ;
#2595 = PRODUCT_DEFINITION_SHAPE ( 'NONE', 'NONE',  #740 ) ;
#2596 = CALENDAR_DATE ( 2013, 14, 4 ) ;
#2597 = DATE_AND_TIME ( #2596, #2574 ) ;
#2598 = LOCAL_TIME ( 22, 29, 34.00000000000000000, #2582 ) ;
#2599 = APPROVAL_DATE_TIME ( #2597, #756 ) ;
#2600 = PERSON_AND_ORGANIZATION ( #1113, #2583 ) ;
#2601 = PERSON_AND_ORGANIZATION ( #1113, #2583 ) ;
#2602 = PERSON_AND_ORGANIZATION ( #1113, #2583 ) ;
#2603 =( BOUNDED_SURFACE ( )  B_SPLINE_SURFACE ( 3, 2, ( 
 ( #17, #19, #14 ),
 ( #13, #12, #11 ),
 ( #10, #9, #8 ),
 ( #7, #6, #5 ),
 ( #4, #3, #2 ),
 ( #1, #295, #299 ),
 ( #300, #301, #302 ),
 ( #304, #308, #307 ),
 ( #306, #305, #309 ),
 ( #303, #311, #315 ),
 ( #314, #313, #312 ),
 ( #316, #310, #318 ),
 ( #322, #321, #320 ),
 ( #319, #323, #317 ),
 ( #325, #329, #328 ),
 ( #327, #326, #330 ),
 ( #324, #331, #332 ),
 ( #334, #333, #337 ),
 ( #336, #335, #340 ),
 ( #339, #338, #296 ),
 ( #297, #293, #150 ),
 ( #294, #461, #462 ),
 ( #460, #459, #458 ),
 ( #457, #456, #455 ) ),
 .UNSPECIFIED., .F., .F., .F. ) 
 B_SPLINE_SURFACE_WITH_KNOTS ( ( 4, 2, 2, 2, 2, 2, 2, 2, 2, 2, 2, 4 ),
 ( 3, 3 ),
 ( 6.938893903907228400E-018, 0.002553021597026322800, 0.003829532395539480600, 0.005106043194052638800, 0.007659064791078954200, 0.01021208638810527100, 0.01276510798513158500, 0.01404161878364474300, 0.01531812958215790200, 0.01659464038067105800, 0.01787115117918421800, 0.02042417277621053400 ),
 ( 0.0000000000000000000, 1.000000000000000000 ),
 .UNSPECIFIED. ) 
 GEOMETRIC_REPRESENTATION_ITEM ( )  RATIONAL_B_SPLINE_SURFACE ( (
 ( 1.000000000000000000, 0.7071067811865475700, 1.000000000000000000),
 ( 1.000000000000000000, 0.7071067811865475700, 1.000000000000000000),
 ( 1.000000000000000000, 0.7071067811865475700, 1.000000000000000000),
 ( 1.000000000000000000, 0.7071067811865475700, 1.000000000000000000),
 ( 1.000000000000000000, 0.7071067811865475700, 1.000000000000000000),
 ( 1.000000000000000000, 0.7071067811865475700, 1.000000000000000000),
 ( 1.000000000000000000, 0.7071067811865475700, 1.000000000000000000),
 ( 1.000000000000000000, 0.7071067811865475700, 1.000000000000000000),
 ( 1.000000000000000000, 0.7071067811865475700, 1.000000000000000000),
 ( 1.000000000000000000, 0.7071067811865475700, 1.000000000000000000),
 ( 1.000000000000000000, 0.7071067811865475700, 1.000000000000000000),
 ( 1.000000000000000000, 0.7071067811865475700, 1.000000000000000000),
 ( 1.000000000000000000, 0.7071067811865473500, 1.000000000000000000),
 ( 1.000000000000000000, 0.7071067811865473500, 1.000000000000000000),
 ( 1.000000000000000000, 0.7071067811865475700, 1.000000000000000000),
 ( 1.000000000000000000, 0.7071067811865475700, 1.000000000000000000),
 ( 1.000000000000000000, 0.7071067811865475700, 1.000000000000000000),
 ( 1.000000000000000000, 0.7071067811865475700, 1.000000000000000000),
 ( 1.000000000000000000, 0.7071067811865475700, 1.000000000000000000),
 ( 1.000000000000000000, 0.7071067811865475700, 1.000000000000000000),
 ( 1.000000000000000000, 0.7071067811865475700, 1.000000000000000000),
 ( 1.000000000000000000, 0.7071067811865475700, 1.000000000000000000),
 ( 1.000000000000000000, 0.7071067811865475700, 1.000000000000000000),
 ( 1.000000000000000000, 0.7071067811865475700, 1.000000000000000000) ) ) 
 REPRESENTATION_ITEM ( '' )  SURFACE ( )  );
#2604 = B_SPLINE_CURVE_WITH_KNOTS ( 'NONE', 3,
 ( #1241, #1193, #1192, #1220, #1221, #1222, #1223, #1224, #1225, #1226, #1229, #1228, #1227, #1230, #1231, #1233, #1232, #1234, #1235, #1236, #1237, #1238, #1338, #1337, #1336, #1335 ),
 .UNSPECIFIED., .F., .F.,
 ( 4, 2, 2, 2, 2, 2, 2, 2, 2, 2, 2, 2, 4 ),
 ( 0.0000000000000000000, 0.1250000000000008000, 0.2500000000000016100, 0.3750000000000024400, 0.4375000000000022200, 0.5000000000000020000, 0.5625000000000017800, 0.6250000000000014400, 0.6875000000000012200, 0.7500000000000008900, 0.8125000000000006700, 0.8750000000000004400, 1.000000000000000000 ),
 .UNSPECIFIED. ) ;
#2605 = B_SPLINE_CURVE_WITH_KNOTS ( 'NONE', 3,
 ( #1476, #1471, #1472, #1477, #1478, #1479, #1480, #1481, #1482, #1483, #1484, #1485, #1486, #1487, #1488, #1489, #1490, #1491, #1492, #1493, #1494, #1495, #1496, #1497 ),
 .UNSPECIFIED., .F., .F.,
 ( 4, 2, 2, 2, 2, 2, 2, 2, 2, 2, 2, 4 ),
 ( 0.0000000000000000000, 0.1249999999999981700, 0.2499999999999963400, 0.3749999999999945000, 0.4374999999999935600, 0.4999999999999926700, 0.6249999999999963400, 0.6874999999999970000, 0.7499999999999976700, 0.8749999999999987800, 0.9374999999999994400, 1.000000000000000000 ),
 .UNSPECIFIED. ) ;
#2606 =( BOUNDED_CURVE ( )  B_SPLINE_CURVE ( 3, ( #1219, #1184, #1188, #1181 ),
 .UNSPECIFIED., .F., .F. ) 
 B_SPLINE_CURVE_WITH_KNOTS ( ( 4, 4 ),
 ( 3.141592653589793600, 4.712388980384689700 ),
 .UNSPECIFIED. ) 
 CURVE ( )  GEOMETRIC_REPRESENTATION_ITEM ( )  RATIONAL_B_SPLINE_CURVE ( ( 1.000000000000000000, 0.8047378541243650500, 0.8047378541243650500, 1.000000000000000000 ) ) 
 REPRESENTATION_ITEM ( '' )  );
#2607 =( BOUNDED_CURVE ( )  B_SPLINE_CURVE ( 3, ( #1309, #1319, #1300, #1311 ),
 .UNSPECIFIED., .F., .F. ) 
 B_SPLINE_CURVE_WITH_KNOTS ( ( 4, 4 ),
 ( 4.712388980384688800, 6.283185307179586200 ),
 .UNSPECIFIED. ) 
 CURVE ( )  GEOMETRIC_REPRESENTATION_ITEM ( )  RATIONAL_B_SPLINE_CURVE ( ( 1.000000000000000000, 0.8047378541243648300, 0.8047378541243648300, 1.000000000000000000 ) ) 
 REPRESENTATION_ITEM ( '' )  );
#2608 = ADVANCED_BREP_SHAPE_REPRESENTATION ( 'Handle', ( #2613, #737 ), #736 ) ;
#2609 = UNCERTAINTY_MEASURE_WITH_UNIT (LENGTH_MEASURE( 1.000000000000000100E-005 ), #2917, 'distance_accuracy_value', 'NONE');
#2610 =( BOUNDED_SURFACE ( )  B_SPLINE_SURFACE ( 3, 2, ( 
 ( #2920, #2888, #2876 ),
 ( #2922, #2719, #2926 ),
 ( #2928, #2927, #2930 ),
 ( #2961, #2960, #2959 ),
 ( #2958, #2957, #2956 ),
 ( #2955, #2954, #2953 ),
 ( #2951, #2950, #2952 ),
 ( #2949, #2948, #2947 ),
 ( #2945, #2944, #2946 ),
 ( #2943, #2942, #2941 ),
 ( #2940, #2939, #2936 ),
 ( #2720, #2718, #2879 ),
 ( #2878, #2730, #2717 ),
 ( #2887, #2886, #2885 ),
 ( #2716, #2884, #2883 ),
 ( #2715, #2881, #2880 ),
 ( #2882, #2714, #2932 ),
 ( #2935, #2934, #2933 ),
 ( #2931, #2937, #2929 ),
 ( #2938, #2877, #2925 ),
 ( #2924, #2923, #2713 ),
 ( #2723, #2724, #2725 ),
 ( #2726, #2727, #2728 ),
 ( #2729, #2732, #2731 ),
 ( #2735, #2733, #2738 ),
 ( #2742, #2737, #2740 ),
 ( #2736, #2734, #2875 ),
 ( #2874, #2873, #2872 ) ),
 .UNSPECIFIED., .F., .F., .F. ) 
 B_SPLINE_SURFACE_WITH_KNOTS ( ( 4, 2, 2, 2, 2, 2, 2, 2, 2, 2, 2, 2, 2, 4 ),
 ( 3, 3 ),
 ( 0.0000000000000000000, 0.002653027479196246100, 0.003979541218794369400, 0.005306054958392492300, 0.007959082437588738800, 0.009285596177186862500, 0.01061210991678498500, 0.01193862365638310600, 0.01326513739598123000, 0.01459165113557935400, 0.01591816487517747800, 0.01724467861477560100, 0.01857119235437372500, 0.02122421983356996900 ),
 ( 0.0000000000000000000, 1.000000000000000000 ),
 .UNSPECIFIED. ) 
 GEOMETRIC_REPRESENTATION_ITEM ( )  RATIONAL_B_SPLINE_SURFACE ( (
 ( 1.000000000000000000, 0.7071067811865494600, 1.000000000000000000),
 ( 1.000000000000000000, 0.7071067811865494600, 1.000000000000000000),
 ( 1.000000000000000000, 0.7071067811865475700, 1.000000000000000000),
 ( 1.000000000000000000, 0.7071067811865475700, 1.000000000000000000),
 ( 1.000000000000000000, 0.7071067811865473500, 1.000000000000000000),
 ( 1.000000000000000000, 0.7071067811865473500, 1.000000000000000000),
 ( 1.000000000000000000, 0.7071067811865458000, 1.000000000000000000),
 ( 1.000000000000000000, 0.7071067811865458000, 1.000000000000000000),
 ( 1.000000000000000000, 0.7071067811865477900, 1.000000000000000000),
 ( 1.000000000000000000, 0.7071067811865477900, 1.000000000000000000),
 ( 1.000000000000000000, 0.7071067811865460200, 1.000000000000000000),
 ( 1.000000000000000000, 0.7071067811865460200, 1.000000000000000000),
 ( 1.000000000000000000, 0.7071067811865487900, 1.000000000000000000),
 ( 1.000000000000000000, 0.7071067811865487900, 1.000000000000000000),
 ( 1.000000000000000000, 0.7071067811865475700, 1.000000000000000000),
 ( 1.000000000000000000, 0.7071067811865475700, 1.000000000000000000),
 ( 1.000000000000000000, 0.7071067811865465700, 1.000000000000000000),
 ( 1.000000000000000000, 0.7071067811865465700, 1.000000000000000000),
 ( 1.000000000000000000, 0.7071067811865475700, 1.000000000000000000),
 ( 1.000000000000000000, 0.7071067811865475700, 1.000000000000000000),
 ( 1.000000000000000000, 0.7071067811865468000, 1.000000000000000000),
 ( 1.000000000000000000, 0.7071067811865468000, 1.000000000000000000),
 ( 1.000000000000000000, 0.7071067811865475700, 1.000000000000000000),
 ( 1.000000000000000000, 0.7071067811865475700, 1.000000000000000000),
 ( 1.000000000000000000, 0.7071067811865475700, 1.000000000000000000),
 ( 1.000000000000000000, 0.7071067811865475700, 1.000000000000000000),
 ( 1.000000000000000000, 0.7071067811865475700, 1.000000000000000000),
 ( 1.000000000000000000, 0.7071067811865475700, 1.000000000000000000) ) ) 
 REPRESENTATION_ITEM ( '' )  SURFACE ( )  );
#2611 = B_SPLINE_CURVE_WITH_KNOTS ( 'NONE', 3,
 ( #790, #847, #797, #799, #800, #625, #802, #835, #562, #563, #571, #804, #777, #769, #664, #774, #788, #853, #859, #691, #657, #724, #848 ),
 .UNSPECIFIED., .F., .F.,
 ( 4, 2, 2, 2, 2, 2, 2, 2, 1, 2, 2, 4 ),
 ( 0.0000000000000000000, 0.002553021597026313300, 0.003829532395539471500, 0.005106043194052629200, 0.007659064791078944700, 0.01021208638810526000, 0.01276510798513156400, 0.01404161878364472100, 0.01531812958215788100, 0.01659464038067104100, 0.01787115117918419700, 0.02042417277621051700 ),
 .UNSPECIFIED. ) ;
#2612 = B_SPLINE_CURVE_WITH_KNOTS ( 'NONE', 3,
 ( #852, #856, #564, #793, #812, #766, #825, #851, #772, #838, #703, #809, #591, #630, #762, #771, #684, #826, #689, #763, #672, #798, #841, #806, #823, #818 ),
 .UNSPECIFIED., .F., .F.,
 ( 4, 2, 2, 2, 2, 2, 2, 2, 2, 2, 2, 2, 4 ),
 ( 0.0000000000000000000, 0.002652808082159733000, 0.003979212123239636600, 0.005305616164319541500, 0.007958424246479271400, 0.009284828287559138100, 0.01061123232863900300, 0.01326404041079880800, 0.01459044445187870400, 0.01591684849295859800, 0.01856965657511838700, 0.01989606061619828400, 0.02122246465727818000 ),
 .UNSPECIFIED. ) ;
#2613 = MANIFOLD_SOLID_BREP ( 'Chamfer1', #1698 ) ;
#2614 =( BOUNDED_CURVE ( )  B_SPLINE_CURVE ( 3, ( #1272, #1346, #1276, #1340 ),
 .UNSPECIFIED., .F., .T. ) 
 B_SPLINE_CURVE_WITH_KNOTS ( ( 4, 4 ),
 ( 3.141592653589793600, 4.712388980384689700 ),
 .UNSPECIFIED. ) 
 CURVE ( )  GEOMETRIC_REPRESENTATION_ITEM ( )  RATIONAL_B_SPLINE_CURVE ( ( 1.000000000000000000, 0.8047378541243650500, 0.8047378541243650500, 1.000000000000000000 ) ) 
 REPRESENTATION_ITEM ( '' )  );
#2615 = B_SPLINE_CURVE_WITH_KNOTS ( 'NONE', 3,
 ( #2827, #2826, #2822, #2821, #2820, #2819, #2818, #2817, #2816, #2815, #2814, #2813, #2812, #2811, #2810, #2808, #2807, #2809, #2806, #2805, #2804, #2803, #2802, #2801, #2919, #2918 ),
 .UNSPECIFIED., .F., .F.,
 ( 4, 2, 2, 2, 2, 2, 2, 2, 2, 2, 2, 2, 4 ),
 ( 0.0000000000000000000, 0.002653027479196262600, 0.003979541218794404100, 0.005306054958392546000, 0.007959082437588829000, 0.009285596177186963100, 0.01061210991678509700, 0.01193862365638323000, 0.01326513739598136600, 0.01591816487517762000, 0.01724467861477574700, 0.01857119235437387800, 0.02122421983357005200 ),
 .UNSPECIFIED. ) ;
#2616 =( BOUNDED_SURFACE ( )  B_SPLINE_SURFACE ( 3, 2, ( 
 ( #2843, #2800, #2846 ),
 ( #2848, #2850, #2799 ),
 ( #2798, #2797, #2796 ),
 ( #2795, #2794, #2793 ),
 ( #2792, #2791, #2790 ),
 ( #2789, #2788, #2787 ),
 ( #2786, #2785, #2784 ),
 ( #2783, #2782, #2781 ),
 ( #2780, #2779, #2778 ),
 ( #2777, #2776, #2775 ),
 ( #2774, #2773, #2772 ),
 ( #2771, #2770, #2769 ),
 ( #2768, #2767, #2766 ),
 ( #2765, #2764, #2763 ),
 ( #2762, #2761, #2760 ),
 ( #2759, #2758, #2756 ),
 ( #2755, #2757, #2754 ),
 ( #2753, #2752, #2751 ),
 ( #2750, #2749, #2854 ),
 ( #2855, #2852, #2741 ),
 ( #2746, #2745, #2744 ),
 ( #2743, #2739, #2851 ),
 ( #2748, #2747, #2853 ),
 ( #2857, #2861, #2709 ),
 ( #2858, #2859, #2860 ),
 ( #2849, #2847, #2721 ) ),
 .UNSPECIFIED., .F., .F., .F. ) 
 B_SPLINE_SURFACE_WITH_KNOTS ( ( 4, 2, 2, 2, 2, 2, 2, 2, 2, 2, 2, 2, 4 ),
 ( 3, 3 ),
 ( 0.0000000000000000000, 0.002553007965592677800, 0.003829511948389016500, 0.005106015931185355600, 0.007659023896778033000, 0.008935527879574372100, 0.01021203186237071100, 0.01276503982796338800, 0.01404154381075972700, 0.01531804779355606600, 0.01659455177635240500, 0.01787105575914874400, 0.02042406372474142200 ),
 ( 0.0000000000000000000, 1.000000000000000000 ),
 .UNSPECIFIED. ) 
 GEOMETRIC_REPRESENTATION_ITEM ( )  RATIONAL_B_SPLINE_SURFACE ( (
 ( 1.000000000000000000, 0.7071067811865475700, 1.000000000000000000),
 ( 1.000000000000000000, 0.7071067811865475700, 1.000000000000000000),
 ( 1.000000000000000000, 0.7071067811865475700, 1.000000000000000000),
 ( 1.000000000000000000, 0.7071067811865475700, 1.000000000000000000),
 ( 1.000000000000000000, 0.7071067811865475700, 1.000000000000000000),
 ( 1.000000000000000000, 0.7071067811865475700, 1.000000000000000000),
 ( 1.000000000000000000, 0.7071067811865476800, 1.000000000000000000),
 ( 1.000000000000000000, 0.7071067811865476800, 1.000000000000000000),
 ( 1.000000000000000000, 0.7071067811865475700, 1.000000000000000000),
 ( 1.000000000000000000, 0.7071067811865475700, 1.000000000000000000),
 ( 1.000000000000000000, 0.7071067811865473500, 1.000000000000000000),
 ( 1.000000000000000000, 0.7071067811865473500, 1.000000000000000000),
 ( 1.000000000000000000, 0.7071067811865476800, 1.000000000000000000),
 ( 1.000000000000000000, 0.7071067811865476800, 1.000000000000000000),
 ( 1.000000000000000000, 0.7071067811865475700, 1.000000000000000000),
 ( 1.000000000000000000, 0.7071067811865475700, 1.000000000000000000),
 ( 1.000000000000000000, 0.7071067811865473500, 1.000000000000000000),
 ( 1.000000000000000000, 0.7071067811865473500, 1.000000000000000000),
 ( 1.000000000000000000, 0.7071067811865475700, 1.000000000000000000),
 ( 1.000000000000000000, 0.7071067811865475700, 1.000000000000000000),
 ( 1.000000000000000000, 0.7071067811865474600, 1.000000000000000000),
 ( 1.000000000000000000, 0.7071067811865474600, 1.000000000000000000),
 ( 1.000000000000000000, 0.7071067811865475700, 1.000000000000000000),
 ( 1.000000000000000000, 0.7071067811865475700, 1.000000000000000000),
 ( 1.000000000000000000, 0.7071067811865475700, 1.000000000000000000),
 ( 1.000000000000000000, 0.7071067811865475700, 1.000000000000000000) ) ) 
 REPRESENTATION_ITEM ( '' )  SURFACE ( )  );
#2617 =( BOUNDED_SURFACE ( )  B_SPLINE_SURFACE ( 3, 2, ( 
 ( #437, #439, #433 ),
 ( #432, #434, #431 ),
 ( #430, #429, #428 ),
 ( #427, #426, #534 ),
 ( #533, #532, #531 ),
 ( #530, #529, #528 ),
 ( #527, #526, #525 ),
 ( #524, #523, #522 ),
 ( #521, #520, #519 ),
 ( #518, #517, #516 ),
 ( #515, #514, #513 ),
 ( #512, #511, #510 ),
 ( #509, #507, #506 ),
 ( #508, #505, #504 ),
 ( #503, #501, #500 ),
 ( #502, #499, #498 ),
 ( #497, #496, #495 ),
 ( #470, #377, #378 ),
 ( #376, #375, #374 ),
 ( #373, #372, #371 ),
 ( #370, #369, #368 ),
 ( #367, #366, #365 ),
 ( #364, #363, #362 ),
 ( #361, #360, #359 ) ),
 .UNSPECIFIED., .F., .F., .F. ) 
 B_SPLINE_SURFACE_WITH_KNOTS ( ( 4, 2, 2, 2, 2, 2, 2, 2, 2, 2, 2, 4 ),
 ( 3, 3 ),
 ( 0.0000000000000000000, 0.002652808082159694800, 0.003979212123239542000, 0.005305616164319389700, 0.007958424246479084100, 0.009284828287558931700, 0.01061123232863877900, 0.01326404041079847300, 0.01459044445187832100, 0.01591684849295816800, 0.01856965657511786300, 0.02122246465727755900 ),
 ( 0.0000000000000000000, 1.000000000000000000 ),
 .UNSPECIFIED. ) 
 GEOMETRIC_REPRESENTATION_ITEM ( )  RATIONAL_B_SPLINE_SURFACE ( (
 ( 1.000000000000000000, 0.7071067811865475700, 1.000000000000000000),
 ( 1.000000000000000000, 0.7071067811865475700, 1.000000000000000000),
 ( 1.000000000000000000, 0.7071067811865477900, 1.000000000000000000),
 ( 1.000000000000000000, 0.7071067811865477900, 1.000000000000000000),
 ( 1.000000000000000000, 0.7071067811865470200, 1.000000000000000000),
 ( 1.000000000000000000, 0.7071067811865470200, 1.000000000000000000),
 ( 1.000000000000000000, 0.7071067811865475700, 1.000000000000000000),
 ( 1.000000000000000000, 0.7071067811865475700, 1.000000000000000000),
 ( 1.000000000000000000, 0.7071067811865475700, 1.000000000000000000),
 ( 1.000000000000000000, 0.7071067811865475700, 1.000000000000000000),
 ( 1.000000000000000000, 0.7071067811865475700, 1.000000000000000000),
 ( 1.000000000000000000, 0.7071067811865475700, 1.000000000000000000),
 ( 1.000000000000000000, 0.7071067811865475700, 1.000000000000000000),
 ( 1.000000000000000000, 0.7071067811865475700, 1.000000000000000000),
 ( 1.000000000000000000, 0.7071067811865456900, 1.000000000000000000),
 ( 1.000000000000000000, 0.7071067811865456900, 1.000000000000000000),
 ( 1.000000000000000000, 0.7071067811865475700, 1.000000000000000000),
 ( 1.000000000000000000, 0.7071067811865475700, 1.000000000000000000),
 ( 1.000000000000000000, 0.7071067811865476800, 1.000000000000000000),
 ( 1.000000000000000000, 0.7071067811865476800, 1.000000000000000000),
 ( 1.000000000000000000, 0.7071067811865475700, 1.000000000000000000),
 ( 1.000000000000000000, 0.7071067811865475700, 1.000000000000000000),
 ( 1.000000000000000000, 0.7071067811865494600, 1.000000000000000000),
 ( 1.000000000000000000, 0.7071067811865494600, 1.000000000000000000) ) ) 
 REPRESENTATION_ITEM ( '' )  SURFACE ( )  );
#2618 =( BOUNDED_CURVE ( )  B_SPLINE_CURVE ( 3, ( #1195, #1200, #1199, #1194 ),
 .UNSPECIFIED., .F., .F. ) 
 B_SPLINE_CURVE_WITH_KNOTS ( ( 4, 4 ),
 ( 4.712388980384687900, 6.283185307179586200 ),
 .UNSPECIFIED. ) 
 CURVE ( )  GEOMETRIC_REPRESENTATION_ITEM ( )  RATIONAL_B_SPLINE_CURVE ( ( 1.000000000000000000, 0.8047378541243646000, 0.8047378541243646000, 1.000000000000000000 ) ) 
 REPRESENTATION_ITEM ( '' )  );
#2619 = B_SPLINE_CURVE_WITH_KNOTS ( 'NONE', 3,
 ( #1240, #1310, #1134, #1293, #1296, #1341, #1180, #1320, #1279, #1280, #1281, #1284, #1282, #1283, #1285, #1286, #1290, #1289, #1287, #1264, #1267, #1301, #1322, #1294 ),
 .UNSPECIFIED., .F., .F.,
 ( 4, 2, 2, 2, 2, 2, 2, 2, 2, 2, 2, 4 ),
 ( 0.01088179456462820400, 0.01297610361518650900, 0.01507041266574481300, 0.01611756719102400500, 0.01716472171630319800, 0.01925903076686157800, 0.02030618529214073300, 0.02135333981741988400, 0.02344764886797823900, 0.02449480339325741200, 0.02554195791853658100, 0.02763626696909494300 ),
 .UNSPECIFIED. ) ;
#2620 = B_SPLINE_CURVE_WITH_KNOTS ( 'NONE', 3,
 ( #839, #567, #558, #821, #629, #796, #651, #557, #568, #632, #855, #828, #639, #642, #770, #667, #789, #654, #761, #773, #776, #602, #840, #710, #854 ),
 .UNSPECIFIED., .F., .F.,
 ( 4, 2, 2, 2, 2, 2, 2, 2, 2, 1, 2, 2, 4 ),
 ( 0.0000000000000000000, 0.002553007965592698600, 0.003829511948389037700, 0.005106015931185377300, 0.007659023896778055500, 0.008935527879574394600, 0.01021203186237073400, 0.01276503982796341900, 0.01404154381075975500, 0.01531804779355609400, 0.01659455177635243300, 0.01787105575914877200, 0.02042406372474142600 ),
 .UNSPECIFIED. ) ;
#2621 = B_SPLINE_CURVE_WITH_KNOTS ( 'NONE', 3,
 ( #1277, #1308, #1313, #1275, #1273, #1314, #1303, #1315, #1299, #1274, #1339, #1278, #1271, #1288, #1268, #1312, #1304, #1305, #1307, #1269, #1291, #1297, #1302, #1318, #1317, #1295 ),
 .UNSPECIFIED., .F., .F.,
 ( 4, 2, 2, 2, 2, 2, 2, 2, 2, 2, 2, 2, 4 ),
 ( 0.03632397114445891400, 0.03841509697985714300, 0.03946065989755626800, 0.04050622281525539200, 0.04155178573295451700, 0.04259734865065364200, 0.04468847448605182300, 0.04573403740375090600, 0.04677960032144998900, 0.04782516323914907200, 0.04887072615684815600, 0.05096185199224632900, 0.05305297782764450300 ),
 .UNSPECIFIED. ) ;
#2622 = ADVANCED_FACE ( 'NONE', ( #2392 ), #2399, .F. ) ;
#2623 = ADVANCED_FACE ( 'NONE', ( #2397 ), #2394, .F. ) ;
#2624 = ADVANCED_FACE ( 'NONE', ( #2391 ), #2387, .F. ) ;
#2625 = ADVANCED_FACE ( 'NONE', ( #2395 ), #2401, .T. ) ;
#2626 = ADVANCED_FACE ( 'NONE', ( #2396 ), #2403, .T. ) ;
#2627 = ADVANCED_FACE ( 'NONE', ( #2398 ), #2405, .T. ) ;
#2628 = ADVANCED_FACE ( 'NONE', ( #2393 ), #2402, .T. ) ;
#2629 = ADVANCED_FACE ( 'NONE', ( #2407 ), #2409, .F. ) ;
#2630 = ADVANCED_FACE ( 'NONE', ( #2406 ), #2411, .T. ) ;
#2631 = ADVANCED_FACE ( 'NONE', ( #2400 ), #2408, .T. ) ;
#2632 = ADVANCED_FACE ( 'NONE', ( #2413 ), #2415, .T. ) ;
#2633 = ADVANCED_FACE ( 'NONE', ( #2412 ), #2416, .T. ) ;
#2634 = ADVANCED_FACE ( 'NONE', ( #2404 ), #2418, .F. ) ;
#2635 = ADVANCED_FACE ( 'NONE', ( #2410 ), #2603, .T. ) ;
#2636 = ADVANCED_FACE ( 'NONE', ( #2421 ), #2422, .F. ) ;
#2637 = ADVANCED_FACE ( 'NONE', ( #2420 ), #2423, .F. ) ;
#2638 = ADVANCED_FACE ( 'NONE', ( #2417 ), #2414, .T. ) ;
#2639 = ADVANCED_FACE ( 'NONE', ( #2425 ), #2419, .F. ) ;
#2640 = ADVANCED_FACE ( 'NONE', ( #2427 ), #2424, .F. ) ;
#2641 = ADVANCED_FACE ( 'NONE', ( #2429 ), #2431, .F. ) ;
#2642 = ADVANCED_FACE ( 'NONE', ( #2428 ), #2617, .T. ) ;
#2643 = ADVANCED_FACE ( 'NONE', ( #2434 ), #2430, .T. ) ;
#2644 = ADVANCED_FACE ( 'NONE', ( #2435 ), #2437, .T. ) ;
#2645 = ADVANCED_FACE ( 'NONE', ( #2426 ), #2432, .T. ) ;
#2646 = ADVANCED_FACE ( 'NONE', ( #2439 ), #350, .T. ) ;
#2647 = ADVANCED_FACE ( 'NONE', ( #2433 ), #2442, .F. ) ;
#2648 = ADVANCED_FACE ( 'NONE', ( #2440 ), #2446, .F. ) ;
#2649 = ADVANCED_FACE ( 'NONE', ( #2438 ), #2448, .F. ) ;
#2650 = ADVANCED_FACE ( 'NONE', ( #2436 ), #2441, .T. ) ;
#2651 = ADVANCED_FACE ( 'NONE', ( #2445 ), #2450, .F. ) ;
#2652 = ADVANCED_FACE ( 'NONE', ( #2443 ), #2452, .T. ) ;
#2653 = ADVANCED_FACE ( 'NONE', ( #2444 ), #2454, .T. ) ;
#2654 = ADVANCED_FACE ( 'NONE', ( #2447 ), #2458, .F. ) ;
#2655 = ADVANCED_FACE ( 'NONE', ( #2449 ), #2460, .F. ) ;
#2656 = ADVANCED_FACE ( 'NONE', ( #2451 ), #2457, .T. ) ;
#2657 = ADVANCED_FACE ( 'NONE', ( #2456 ), #2462, .F. ) ;
#2658 = ADVANCED_FACE ( 'NONE', ( #2453 ), #2464, .F. ) ;
#2659 = ADVANCED_FACE ( 'NONE', ( #2459 ), #2468, .F. ) ;
#2660 = ADVANCED_FACE ( 'NONE', ( #2455 ), #2463, .F. ) ;
#2661 = ADVANCED_FACE ( 'NONE', ( #2461 ), #2470, .F. ) ;
#2662 = ADVANCED_FACE ( 'NONE', ( #2466 ), #2472, .T. ) ;
#2663 = ADVANCED_FACE ( 'NONE', ( #2467 ), #2469, .F. ) ;
#2664 = ADVANCED_FACE ( 'NONE', ( #2474 ), #2465, .F. ) ;
#2665 = ADVANCED_FACE ( 'NONE', ( #2476 ), #2473, .F. ) ;
#2666 = ADVANCED_FACE ( 'NONE', ( #2478 ), #242, .F. ) ;
#2667 = ADVANCED_FACE ( 'NONE', ( #2475 ), #2481, .T. ) ;
#2668 = ADVANCED_FACE ( 'NONE', ( #2479 ), #2483, .F. ) ;
#2669 = ADVANCED_FACE ( 'NONE', ( #2477 ), #231, .F. ) ;
#2670 = ADVANCED_FACE ( 'NONE', ( #2480 ), #2486, .T. ) ;
#2671 = ADVANCED_FACE ( 'NONE', ( #2484 ), #224, .F. ) ;
#2672 = ADVANCED_FACE ( 'NONE', ( #2482 ), #2489, .T. ) ;
#2673 = ADVANCED_FACE ( 'NONE', ( #2487, #2490 ), #216, .T. ) ;
#2674 = ADVANCED_FACE ( 'NONE', ( #2471 ), #2495, .F. ) ;
#2675 = ADVANCED_FACE ( 'NONE', ( #2491, #2485 ), #209, .T. ) ;
#2676 = ADVANCED_FACE ( 'NONE', ( #2488 ), #2497, .F. ) ;
#2677 = ADVANCED_FACE ( 'NONE', ( #2492 ), #2501, .F. ) ;
#2678 = ADVANCED_FACE ( 'NONE', ( #2494 ), #2499, .T. ) ;
#2679 = ADVANCED_FACE ( 'NONE', ( #2496 ), #2503, .F. ) ;
#2680 = ADVANCED_FACE ( 'NONE', ( #2498 ), #2505, .F. ) ;
#2681 = ADVANCED_FACE ( 'NONE', ( #2493 ), #2502, .F. ) ;
#2682 = ADVANCED_FACE ( 'NONE', ( #2507 ), #2500, .F. ) ;
#2683 = ADVANCED_FACE ( 'NONE', ( #2509 ), #2506, .F. ) ;
#2684 = ADVANCED_FACE ( 'NONE', ( #2511 ), #2513, .T. ) ;
#2685 = ADVANCED_FACE ( 'NONE', ( #2510 ), #179, .F. ) ;
#2686 = ADVANCED_FACE ( 'NONE', ( #2504 ), #174, .F. ) ;
#2687 = ADVANCED_FACE ( 'NONE', ( #2508 ), #2517, .F. ) ;
#2688 = ADVANCED_FACE ( 'NONE', ( #2515, #2518, #2512, #2514, #2516, #2519, #2520, #2521 ), #167, .T. ) ;
#2689 = ADVANCED_FACE ( 'NONE', ( #2522, #2526, #2523, #2525, #2524, #2527, #2528, #2529 ), #162, .F. ) ;
#2690 = ADVANCED_FACE ( 'NONE', ( #2530 ), #2534, .T. ) ;
#2691 = ADVANCED_FACE ( 'NONE', ( #2533 ), #2536, .T. ) ;
#2692 = ADVANCED_FACE ( 'NONE', ( #2531 ), #2537, .T. ) ;
#2693 = ADVANCED_FACE ( 'NONE', ( #2532 ), #2535, .T. ) ;
#2694 = ADVANCED_FACE ( 'NONE', ( #2539 ), #2541, .T. ) ;
#2695 = ADVANCED_FACE ( 'NONE', ( #2538 ), #2616, .T. ) ;
#2696 = ADVANCED_FACE ( 'NONE', ( #2544 ), #2545, .F. ) ;
#2697 = ADVANCED_FACE ( 'NONE', ( #2543, #2546 ), #2889, .F. ) ;
#2698 = ADVANCED_FACE ( 'NONE', ( #2540 ), #2610, .T. ) ;
#2699 = ADVANCED_FACE ( 'NONE', ( #2550, #2547 ), #2870, .F. ) ;
#2700 = ADVANCED_FACE ( 'NONE', ( #2549 ), #2555, .F. ) ;
#2701 = ADVANCED_FACE ( 'NONE', ( #2551 ), #2556, .F. ) ;
#2702 = ADVANCED_FACE ( 'NONE', ( #2548 ), #2558, .F. ) ;
#2703 = ADVANCED_FACE ( 'NONE', ( #2553 ), #2560, .F. ) ;
#2704 = ADVANCED_FACE ( 'NONE', ( #2542 ), #2562, .F. ) ;
#2705 = ADVANCED_FACE ( 'NONE', ( #2554 ), #2557, .T. ) ;
#2706 = EDGE_CURVE ( 'NONE', #2043, #1966, #2552, .T. ) ;
#2707 = EDGE_CURVE ( 'NONE', #1903, #2084, #2561, .T. ) ;
#2708 = EDGE_CURVE ( 'NONE', #2111, #1978, #2563, .T. ) ;
#2709 = CARTESIAN_POINT ( 'NONE',  ( -63.91679513497414400, 30.96870582284227800, 5.000000000000000000 ) ) ;
#2710 = EDGE_CURVE ( 'NONE', #2106, #1991, #2615, .T. ) ;
#2711 = CARTESIAN_POINT ( 'NONE',  ( 79.00000000000000000, 1.154047617702466800E-014, 3.000000000000000000 ) ) ;
#2712 = DIRECTION ( 'NONE',  ( 1.460819769243628900E-016, -1.000000000000000000, 0.0000000000000000000 ) ) ;
#2713 = CARTESIAN_POINT ( 'NONE',  ( 62.93653605094895200, 191.7688353483825100, 5.000000000000000900 ) ) ;
#2714 = CARTESIAN_POINT ( 'NONE',  ( 57.50193782607835400, 191.4724013641194100, 4.999999999998662400 ) ) ;
#2715 = CARTESIAN_POINT ( 'NONE',  ( 57.34412632050106900, 191.7141738285559100, 0.0000000000000000000 ) ) ;
#2716 = CARTESIAN_POINT ( 'NONE',  ( 57.01007364666286700, 192.1757596663188700, 0.0000000000000000000 ) ) ;
#2717 = CARTESIAN_POINT ( 'NONE',  ( 60.10286275467073800, 196.2477118805062200, 5.000000000000000000 ) ) ;
#2718 = CARTESIAN_POINT ( 'NONE',  ( 56.26948048198461500, 193.0143352379012400, 4.999999999995397500 ) ) ;
#2719 = CARTESIAN_POINT ( 'NONE',  ( 51.52738728723266300, 195.2488586702836000, 5.000000000035771400 ) ) ;
#2720 = CARTESIAN_POINT ( 'NONE',  ( 56.26948048194911000, 193.0143352378663100, 0.0000000000000000000 ) ) ;
#2721 = CARTESIAN_POINT ( 'NONE',  ( -64.00000000000002800, 32.68518518518518300, 5.000000000000000000 ) ) ;
#2722 = DIRECTION ( 'NONE',  ( -1.000000000000000000, 0.0000000000000000000, 0.0000000000000000000 ) ) ;
#2723 = CARTESIAN_POINT ( 'NONE',  ( 58.48870046616446700, 189.3685070938021800, 0.0000000000000000000 ) ) ;
#2724 = CARTESIAN_POINT ( 'NONE',  ( 58.48870046611141000, 189.3685070937829700, 5.000000000000203400 ) ) ;
#2725 = CARTESIAN_POINT ( 'NONE',  ( 63.23963659418180300, 190.9341023428496800, 5.000000000000000900 ) ) ;
#2726 = CARTESIAN_POINT ( 'NONE',  ( 58.57802412301992200, 189.0833687328483600, 0.0000000000000000000 ) ) ;
#2727 = CARTESIAN_POINT ( 'NONE',  ( 58.57802412294067600, 189.0833687328339700, 5.000000000001550800 ) ) ;
#2728 = CARTESIAN_POINT ( 'NONE',  ( 63.37340733117362400, 190.5068081242650100, 5.000000000000000000 ) ) ;
#2729 = CARTESIAN_POINT ( 'NONE',  ( 58.73110661196502500, 188.5055360562100200, 0.0000000000000000000 ) ) ;
#2730 = CARTESIAN_POINT ( 'NONE',  ( 56.46319976043096000, 192.8155989388084500, 5.000000000000174100 ) ) ;
#2731 = CARTESIAN_POINT ( 'NONE',  ( 63.60225082605579400, 189.6430042373144400, 5.000000000000000000 ) ) ;
#2732 = CARTESIAN_POINT ( 'NONE',  ( 58.73110661204427200, 188.5055360562243700, 4.999999999998450100 ) ) ;
#2733 = CARTESIAN_POINT ( 'NONE',  ( 58.79470764432102200, 188.2138059687937600, 5.000000000001155500 ) ) ;
#2734 = CARTESIAN_POINT ( 'NONE',  ( 58.99999999966145500, 186.7267047701965100, 5.000000000000000900 ) ) ;
#2735 = CARTESIAN_POINT ( 'NONE',  ( 58.79470764434619000, 188.2138059687916600, 0.0000000000000000000 ) ) ;
#2736 = CARTESIAN_POINT ( 'NONE',  ( 58.99999999999997900, 186.7267047701933500, 0.0000000000000000000 ) ) ;
#2737 = CARTESIAN_POINT ( 'NONE',  ( 58.94822809850666800, 187.3270169721889100, 4.999999999997690700 ) ) ;
#2738 = CARTESIAN_POINT ( 'NONE',  ( 63.69690175219576400, 189.2083713785590900, 5.000000000000000900 ) ) ;
#2739 = CARTESIAN_POINT ( 'NONE',  ( -58.72834050125764100, 30.56298165403091000, 5.000000000000186500 ) ) ;
#2740 = CARTESIAN_POINT ( 'NONE',  ( 63.92399174761789700, 187.8966184269797800, 5.000000000000000900 ) ) ;
#2741 = CARTESIAN_POINT ( 'NONE',  ( -63.17688563961447600, 28.06115512582841700, 5.000000000000000000 ) ) ;
#2742 = CARTESIAN_POINT ( 'NONE',  ( 58.94822809845633300, 187.3270169721930100, 0.0000000000000000000 ) ) ;
#2743 = CARTESIAN_POINT ( 'NONE',  ( -58.72834050133632600, 30.56298165400809100, 0.0000000000000000000 ) ) ;
#2744 = CARTESIAN_POINT ( 'NONE',  ( -63.31883376353354700, 28.46305588749043000, 5.000000000000000000 ) ) ;
#2745 = CARTESIAN_POINT ( 'NONE',  ( -58.57536682082878300, 30.05225503269093700, 4.999999999999815300 ) ) ;
#2746 = CARTESIAN_POINT ( 'NONE',  ( -58.57536682075009800, 30.05225503271376700, 0.0000000000000000000 ) ) ;
#2747 = CARTESIAN_POINT ( 'NONE',  ( -58.79312196373898300, 30.82470791013403400, 4.999999999999812600 ) ) ;
#2748 = CARTESIAN_POINT ( 'NONE',  ( -58.79312196379831300, 30.82470791012238500, 0.0000000000000000000 ) ) ;
#2749 = CARTESIAN_POINT ( 'NONE',  ( -58.28684810046059500, 29.31178492621707900, 5.000000000000000900 ) ) ;
#2750 = CARTESIAN_POINT ( 'NONE',  ( -58.28684810045289300, 29.31178492622022300, 0.0000000000000000000 ) ) ;
#2751 = CARTESIAN_POINT ( 'NONE',  ( -62.67547789858081600, 26.88708855606805100, 5.000000000000000000 ) ) ;
#2752 = CARTESIAN_POINT ( 'NONE',  ( -58.17509843881050100, 29.07175586907196400, 4.999999999998889800 ) ) ;
#2753 = CARTESIAN_POINT ( 'NONE',  ( -58.17509843875252100, 29.07175586910395300, 0.0000000000000000000 ) ) ;
#2754 = CARTESIAN_POINT ( 'NONE',  ( -62.27770317008800300, 26.13096393252805400, 5.000000000000000000 ) ) ;
#2755 = CARTESIAN_POINT ( 'NONE',  ( -57.92800523734008800, 28.60205973045596700, 0.0000000000000000000 ) ) ;
#2756 = CARTESIAN_POINT ( 'NONE',  ( -62.05858445770736200, 25.75932491623582300, 4.999999999999999100 ) ) ;
#2757 = CARTESIAN_POINT ( 'NONE',  ( -57.92800523728210700, 28.60205973048794800, 5.000000000001113800 ) ) ;
#2758 = CARTESIAN_POINT ( 'NONE',  ( -57.79199596575431700, 28.37140250587386700, 4.999999999999999100 ) ) ;
#2759 = CARTESIAN_POINT ( 'NONE',  ( -57.79199596585245000, 28.37140250580927900, 0.0000000000000000000 ) ) ;
#2760 = CARTESIAN_POINT ( 'NONE',  ( -61.34894068849607900, 24.68098102465536700, 4.999999999999999100 ) ) ;
#2761 = CARTESIAN_POINT ( 'NONE',  ( -57.35196596168356100, 27.70275199750889100, 4.999999999999999100 ) ) ;
#2762 = CARTESIAN_POINT ( 'NONE',  ( -57.35196596148727400, 27.70275199763805700, 0.0000000000000000000 ) ) ;
#2763 = CARTESIAN_POINT ( 'NONE',  ( -60.81286518460135000, 24.01846757229845500, 5.000000000000000900 ) ) ;
#2764 = CARTESIAN_POINT ( 'NONE',  ( -57.02012104393377700, 27.29280256193495900, 4.999999999997042400 ) ) ;
#2765 = CARTESIAN_POINT ( 'NONE',  ( -57.02012104388524000, 27.29280256198417500, 0.0000000000000000000 ) ) ;
#2766 = CARTESIAN_POINT ( 'NONE',  ( -59.91645200988419600, 23.10732880345765800, 5.000000000000000900 ) ) ;
#2767 = CARTESIAN_POINT ( 'NONE',  ( -56.46649619969633000, 26.73008318961415600, 5.000000000001476200 ) ) ;
#2768 = CARTESIAN_POINT ( 'NONE',  ( -56.46649619972060200, 26.73008318958954300, 0.0000000000000000000 ) ) ;
#2769 = CARTESIAN_POINT ( 'NONE',  ( -59.60215460491197300, 22.81748598519938700, 5.000000000000000900 ) ) ;
#2770 = CARTESIAN_POINT ( 'NONE',  ( -56.27257630866062500, 26.55126982828941400, 5.000000000000190100 ) ) ;
#2771 = CARTESIAN_POINT ( 'NONE',  ( -56.27257630858875400, 26.55126982837556000, 0.0000000000000000000 ) ) ;
#2772 = CARTESIAN_POINT ( 'NONE',  ( -58.94157238539442300, 22.26643704499011600, 5.000000000000000900 ) ) ;
#2773 = CARTESIAN_POINT ( 'NONE',  ( -55.86543988890274900, 26.21164201812684500, 4.999999999999817000 ) ) ;
#2774 = CARTESIAN_POINT ( 'NONE',  ( -55.86543988897462000, 26.21164201804069900, 0.0000000000000000000 ) ) ;
#2775 = CARTESIAN_POINT ( 'NONE',  ( -58.59660615967474900, 22.00664873848117500, 5.000000000000000000 ) ) ;
#2776 = CARTESIAN_POINT ( 'NONE',  ( -55.65303887385503900, 26.05170267803959700, 4.999999999999629600 ) ) ;
#2777 = CARTESIAN_POINT ( 'NONE',  ( -55.65303887389732300, 26.05170267798020600, 0.0000000000000000000 ) ) ;
#2778 = CARTESIAN_POINT ( 'NONE',  ( -57.53586293593763700, 21.28687138348536900, 5.000000000000000000 ) ) ;
#2779 = CARTESIAN_POINT ( 'NONE',  ( -55.00057790745977100, 25.60896911334714300, 5.000000000000741600 ) ) ;
#2780 = CARTESIAN_POINT ( 'NONE',  ( -55.00057790737520200, 25.60896911346591800, 0.0000000000000000000 ) ) ;
#2781 = CARTESIAN_POINT ( 'NONE',  ( -56.78805734693242600, 20.88037602206572500, 4.999999999999999100 ) ) ;
#2782 = CARTESIAN_POINT ( 'NONE',  ( -54.54145644365080900, 25.35949982780167000, 4.999999999998882700 ) ) ;
#2783 = CARTESIAN_POINT ( 'NONE',  ( -54.54145644358983000, 25.35949982795499500, 0.0000000000000000000 ) ) ;
#2784 = CARTESIAN_POINT ( 'NONE',  ( -55.60473719928282300, 20.38183433101268700, 4.999999999999999100 ) ) ;
#2785 = CARTESIAN_POINT ( 'NONE',  ( -53.81611374036802400, 25.05390748355198500, 5.000000000000553300 ) ) ;
#2786 = CARTESIAN_POINT ( 'NONE',  ( -53.81611374039853500, 25.05390748347532400, 0.0000000000000000000 ) ) ;
#2787 = CARTESIAN_POINT ( 'NONE',  ( -55.19763673345818900, 20.23371835904500000, 5.000000000000000000 ) ) ;
#2788 = CARTESIAN_POINT ( 'NONE',  ( -53.56675684158815200, 24.96319295313116600, 4.999999999999627900 ) ) ;
#2789 = CARTESIAN_POINT ( 'NONE',  ( -53.56675684162047400, 24.96319295303106500, 0.0000000000000000000 ) ) ;
#2790 = CARTESIAN_POINT ( 'NONE',  ( -54.37744686638527700, 19.98109030737172600, 5.000000000000000000 ) ) ;
#2791 = CARTESIAN_POINT ( 'NONE',  ( -53.06468023162096200, 24.80854749740086600, 5.000000000000372100 ) ) ;
#2792 = CARTESIAN_POINT ( 'NONE',  ( -53.06468023158863900, 24.80854749750097100, 0.0000000000000000000 ) ) ;
#2793 = CARTESIAN_POINT ( 'NONE',  ( -53.96372560256008200, 19.87602173067855600, 5.000000000000000000 ) ) ;
#2794 = CARTESIAN_POINT ( 'NONE',  ( -52.81157082846673500, 24.74427457876694400, 4.999999999999815300 ) ) ;
#2795 = CARTESIAN_POINT ( 'NONE',  ( -52.81157082847153800, 24.74427457874318400, 0.0000000000000000000 ) ) ;
#2796 = CARTESIAN_POINT ( 'NONE',  ( -52.71192348786995300, 19.62314235716203500, 5.000000000000000000 ) ) ;
#2797 = CARTESIAN_POINT ( 'NONE',  ( -52.04604820863247000, 24.58962962469640700, 5.000000000000369500 ) ) ;
#2798 = CARTESIAN_POINT ( 'NONE',  ( -52.04604820862287100, 24.58962962474392800, 0.0000000000000000000 ) ) ;
#2799 = CARTESIAN_POINT ( 'NONE',  ( -51.86325614910402500, 19.53703703793254900, 5.000000000000000000 ) ) ;
#2800 = CARTESIAN_POINT ( 'NONE',  ( -51.00000000000002800, 24.53703703703703800, 5.000000000000000900 ) ) ;
#2801 = CARTESIAN_POINT ( 'NONE',  ( 63.92399174734286800, 187.8966184269561100, 4.999999999999998200 ) ) ;
#2802 = CARTESIAN_POINT ( 'NONE',  ( 63.69690175233325400, 189.2083713785710300, 5.000000000000001800 ) ) ;
#2803 = CARTESIAN_POINT ( 'NONE',  ( 63.60225082587565700, 189.6430042373274600, 5.000000000000000900 ) ) ;
#2804 = CARTESIAN_POINT ( 'NONE',  ( 63.37340733135366100, 190.5068081242523600, 5.000000000000000000 ) ) ;
#2805 = CARTESIAN_POINT ( 'NONE',  ( 63.23963659429254800, 190.9341023428623300, 4.999999999999998200 ) ) ;
#2806 = CARTESIAN_POINT ( 'NONE',  ( 62.78498577911094700, 192.1862018511237700, 5.000000000000000900 ) ) ;
#2807 = CARTESIAN_POINT ( 'NONE',  ( 61.73457896301124500, 194.1387033603494700, 4.999999999999999100 ) ) ;
#2808 = CARTESIAN_POINT ( 'NONE',  ( 61.48897631622460100, 194.5152619449401100, 5.000000000000000900 ) ) ;
#2809 = CARTESIAN_POINT ( 'NONE',  ( 62.41017657159819300, 192.9880200531249600, 4.999999999999998200 ) ) ;
#2810 = CARTESIAN_POINT ( 'NONE',  ( 60.96630480778385700, 195.2374766882807900, 4.999999999999998200 ) ) ;
#2811 = CARTESIAN_POINT ( 'NONE',  ( 60.68910042625659400, 195.5839835412965000, 4.999999999999999100 ) ) ;
#2812 = CARTESIAN_POINT ( 'NONE',  ( 60.10286275473245600, 196.2477118804911000, 5.000000000000000000 ) ) ;
#2813 = CARTESIAN_POINT ( 'NONE',  ( 59.79385521725266300, 196.5649570612263500, 5.000000000000000000 ) ) ;
#2814 = CARTESIAN_POINT ( 'NONE',  ( 59.14290322521331700, 197.1691425914780200, 5.000000000000000000 ) ) ;
#2815 = CARTESIAN_POINT ( 'NONE',  ( 58.79923482890981700, 197.4573766232143400, 5.000000000000000900 ) ) ;
#2816 = CARTESIAN_POINT ( 'NONE',  ( 57.72862226905289900, 198.2644272656009200, 4.999999999999999100 ) ) ;
#2817 = CARTESIAN_POINT ( 'NONE',  ( 56.97005514678490800, 198.7214459141863200, 4.999999999999999100 ) ) ;
#2818 = CARTESIAN_POINT ( 'NONE',  ( 55.76425921512073800, 199.2841731973077200, 4.999999999999999100 ) ) ;
#2819 = CARTESIAN_POINT ( 'NONE',  ( 55.34949340501925300, 199.4515775411800600, 4.999999999999999100 ) ) ;
#2820 = CARTESIAN_POINT ( 'NONE',  ( 54.50190821776876500, 199.7405079518750900, 4.999999999999999100 ) ) ;
#2821 = CARTESIAN_POINT ( 'NONE',  ( 54.07391525328996800, 199.8606004795105900, 4.999999999999999100 ) ) ;
#2822 = CARTESIAN_POINT ( 'NONE',  ( 52.77773521169336100, 200.1500808251659900, 4.999999999999999100 ) ) ;
#2823 = DIRECTION ( 'NONE',  ( 1.000000000000000000, 0.0000000000000000000, 0.0000000000000000000 ) ) ;
#2824 = DIRECTION ( 'NONE',  ( -0.0000000000000000000, -0.0000000000000000000, -1.000000000000000000 ) ) ;
#2825 = CARTESIAN_POINT ( 'NONE',  ( -72.50000000000001400, 15.00000000000008900, 5.000000000000000000 ) ) ;
#2826 = CARTESIAN_POINT ( 'NONE',  ( 51.89737925953326700, 200.2488586709062000, 5.000000000000000000 ) ) ;
#2827 = CARTESIAN_POINT ( 'NONE',  ( 51.00000000000000700, 200.2488586709062000, 5.000000000000000000 ) ) ;
#2828 = DIRECTION ( 'NONE',  ( 1.000000000000000000, 0.0000000000000000000, 0.0000000000000000000 ) ) ;
#2829 = CARTESIAN_POINT ( 'NONE',  ( 65.99999999999988600, 1.999999999999986200, 5.000000000000000000 ) ) ;
#2830 = DIRECTION ( 'NONE',  ( 1.460819769243628900E-016, -1.000000000000000000, 0.0000000000000000000 ) ) ;
#2831 = DIRECTION ( 'NONE',  ( 1.000000000000000000, 0.0000000000000000000, 0.0000000000000000000 ) ) ;
#2832 = CARTESIAN_POINT ( 'NONE',  ( -79.00000000000000000, 15.00000000000008900, 5.000000000000000000 ) ) ;
#2833 = CARTESIAN_POINT ( 'NONE',  ( -66.00000000000002800, 204.9999999999999700, 3.000000000000000000 ) ) ;
#2834 = CARTESIAN_POINT ( 'NONE',  ( -72.50000000000002800, 109.9999999999999900, 2.999999999999995600 ) ) ;
#2835 = DIRECTION ( 'NONE',  ( 0.0000000000000000000, 0.0000000000000000000, 1.000000000000000000 ) ) ;
#2836 = DIRECTION ( 'NONE',  ( 0.0000000000000000000, 0.0000000000000000000, 1.000000000000000000 ) ) ;
#2837 = CARTESIAN_POINT ( 'NONE',  ( -72.50000000000001400, 15.00000000000008900, 2.999999999999995600 ) ) ;
#2838 = DIRECTION ( 'NONE',  ( 1.000000000000000000, 0.0000000000000000000, 0.0000000000000000000 ) ) ;
#2839 = DIRECTION ( 'NONE',  ( 0.0000000000000000000, 0.0000000000000000000, 1.000000000000000000 ) ) ;
#2840 = CARTESIAN_POINT ( 'NONE',  ( -72.50000000000007100, 204.9999999999998900, 2.999999999999995600 ) ) ;
#2841 = DIRECTION ( 'NONE',  ( 1.000000000000000000, 1.460819769243630300E-016, 0.0000000000000000000 ) ) ;
#2842 = CARTESIAN_POINT ( 'NONE',  ( 61.00000000000000700, 22.49999999999999300, -58.00000000000000700 ) ) ;
#2843 = CARTESIAN_POINT ( 'NONE',  ( -51.00000000000002100, 24.53703703703703800, 0.0000000000000000000 ) ) ;
#2844 = DIRECTION ( 'NONE',  ( 1.000000000000000000, 0.0000000000000000000, 0.0000000000000000000 ) ) ;
#2845 = DIRECTION ( 'NONE',  ( -0.0000000000000000000, -0.0000000000000000000, 1.000000000000000000 ) ) ;
#2846 = CARTESIAN_POINT ( 'NONE',  ( -51.00000000000002100, 19.53703703703703800, 5.000000000000000000 ) ) ;
#2847 = CARTESIAN_POINT ( 'NONE',  ( -59.00000000000002800, 32.68518518518518300, 5.000000000000000900 ) ) ;
#2848 = CARTESIAN_POINT ( 'NONE',  ( -51.52747488887202100, 24.53703703703703800, 0.0000000000000000000 ) ) ;
#2849 = CARTESIAN_POINT ( 'NONE',  ( -59.00000000000002800, 32.68518518518518300, 0.0000000000000000000 ) ) ;
#2850 = CARTESIAN_POINT ( 'NONE',  ( -51.52747488886500800, 24.53703703758362000, 5.000000000001498400 ) ) ;
#2851 = CARTESIAN_POINT ( 'NONE',  ( -63.56439668808909700, 29.28290622005981400, 5.000000000000000000 ) ) ;
#2852 = CARTESIAN_POINT ( 'NONE',  ( -58.48698227500562300, 29.80203451486403000, 5.000000000000000900 ) ) ;
#2853 = CARTESIAN_POINT ( 'NONE',  ( -63.66831991078628100, 29.70281188934171000, 5.000000000000000000 ) ) ;
#2854 = CARTESIAN_POINT ( 'NONE',  ( -62.85520773077528400, 27.27317145022049500, 5.000000000000000000 ) ) ;
#2855 = CARTESIAN_POINT ( 'NONE',  ( -58.48698227501331800, 29.80203451486088500, 0.0000000000000000000 ) ) ;
#2856 = DIRECTION ( 'NONE',  ( 0.0000000000000000000, 0.0000000000000000000, 1.000000000000000000 ) ) ;
#2857 = CARTESIAN_POINT ( 'NONE',  ( -58.94805749580833500, 31.61404999017502200, 0.0000000000000000000 ) ) ;
#2858 = CARTESIAN_POINT ( 'NONE',  ( -59.00000000000002800, 32.14664023137731900, 0.0000000000000000000 ) ) ;
#2859 = CARTESIAN_POINT ( 'NONE',  ( -58.99999999962575700, 32.14664023139468400, 5.000000000000374800 ) ) ;
#2860 = CARTESIAN_POINT ( 'NONE',  ( -63.99999999941916000, 31.82218076079260900, 5.000000000000000000 ) ) ;
#2861 = CARTESIAN_POINT ( 'NONE',  ( -58.94805749592700300, 31.61404999015173100, 5.000000000000372100 ) ) ;
#2862 = CARTESIAN_POINT ( 'NONE',  ( 72.50000000000002800, 109.9999999999999900, 2.999999999999995600 ) ) ;
#2863 = DIRECTION ( 'NONE',  ( 1.000000000000000000, 0.0000000000000000000, 0.0000000000000000000 ) ) ;
#2864 = DIRECTION ( 'NONE',  ( 0.0000000000000000000, 0.0000000000000000000, 1.000000000000000000 ) ) ;
#2865 = CARTESIAN_POINT ( 'NONE',  ( 72.49999999999995700, 204.9999999999999700, 2.999999999999995600 ) ) ;
#2866 = DIRECTION ( 'NONE',  ( 0.0000000000000000000, 0.0000000000000000000, 1.000000000000000000 ) ) ;
#2867 = DIRECTION ( 'NONE',  ( -1.196361017915039200E-016, 0.0000000000000000000, -1.000000000000000000 ) ) ;
#2868 = DIRECTION ( 'NONE',  ( 1.000000000000000000, 0.0000000000000000000, -1.196361017915039200E-016 ) ) ;
#2869 = DIRECTION ( 'NONE',  ( 1.000000000000000000, 0.0000000000000000000, 0.0000000000000000000 ) ) ;
#2870 = PLANE ( 'NONE',  #727 ) ;
#2871 = DIRECTION ( 'NONE',  ( 1.000000000000000000, 0.0000000000000000000, 0.0000000000000000000 ) ) ;
#2872 = CARTESIAN_POINT ( 'NONE',  ( 64.00000000000000000, 186.1162899133375400, 5.000000000000000000 ) ) ;
#2873 = CARTESIAN_POINT ( 'NONE',  ( 59.00000000000000000, 186.1162899133372800, 5.000000000000000900 ) ) ;
#2874 = CARTESIAN_POINT ( 'NONE',  ( 59.00000000000000700, 186.1162899133372800, 0.0000000000000000000 ) ) ;
#2875 = CARTESIAN_POINT ( 'NONE',  ( 63.99999999971420600, 187.0116723720354300, 5.000000000000000000 ) ) ;
#2876 = CARTESIAN_POINT ( 'NONE',  ( 51.00000000000025600, 200.2488586709062000, 5.000000000000000000 ) ) ;
#2877 = CARTESIAN_POINT ( 'NONE',  ( 58.17536684905088200, 190.1926737267621900, 5.000000000000000900 ) ) ;
#2878 = CARTESIAN_POINT ( 'NONE',  ( 56.46319976041689200, 192.8155989387960900, 0.0000000000000000000 ) ) ;
#2879 = CARTESIAN_POINT ( 'NONE',  ( 59.79385521745793100, 196.5649570613166800, 5.000000000000000000 ) ) ;
#2880 = CARTESIAN_POINT ( 'NONE',  ( 61.48897631617376900, 194.5152619449015700, 5.000000000000000900 ) ) ;
#2881 = CARTESIAN_POINT ( 'NONE',  ( 57.34412632043083800, 191.7141738285051000, 5.000000000000193600 ) ) ;
#2882 = CARTESIAN_POINT ( 'NONE',  ( 57.50193782613001800, 191.4724013641496800, 0.0000000000000000000 ) ) ;
#2883 = CARTESIAN_POINT ( 'NONE',  ( 60.96630480783505800, 195.2374766883189100, 5.000000000000000900 ) ) ;
#2884 = CARTESIAN_POINT ( 'NONE',  ( 57.01007364673308300, 192.1757596663696600, 4.999999999999807300 ) ) ;
#2885 = CARTESIAN_POINT ( 'NONE',  ( 60.68910042631975400, 195.5839835412796500, 5.000000000000000000 ) ) ;
#2886 = CARTESIAN_POINT ( 'NONE',  ( 56.83371925325691600, 192.3961030592508300, 4.999999999999790400 ) ) ;
#2887 = CARTESIAN_POINT ( 'NONE',  ( 56.83371925327095700, 192.3961030592632500, 0.0000000000000000000 ) ) ;
#2888 = CARTESIAN_POINT ( 'NONE',  ( 51.00000000000001400, 195.2488586709062300, 4.999999999999972500 ) ) ;
#2889 = PLANE ( 'NONE',  #725 ) ;
#2890 = CARTESIAN_POINT ( 'NONE',  ( -61.00000000000002800, 22.49999999999999300, -2.755455298081541600E-015 ) ) ;
#2891 = DIRECTION ( 'NONE',  ( 1.000000000000000000, 0.0000000000000000000, 0.0000000000000000000 ) ) ;
#2892 = DIRECTION ( 'NONE',  ( 0.0000000000000000000, 0.0000000000000000000, 1.000000000000000000 ) ) ;
#2893 = APPROVAL_ROLE ( '' ) ;
#2894 = APPROVAL_STATUS ( 'not_yet_approved' ) ;
#2895 = DATE_TIME_ROLE ( 'classification_date' ) ;
#2896 = PERSON_AND_ORGANIZATION_ROLE ( 'classification_officer' ) ;
#2897 = SECURITY_CLASSIFICATION_LEVEL ( 'unclassified' ) ;
#2898 = PERSON_AND_ORGANIZATION_ROLE ( 'design_supplier' ) ;
#2899 = PERSON_AND_ORGANIZATION_ROLE ( 'creator' ) ;
#2900 = APPROVAL_ROLE ( '' ) ;
#2901 = APPROVAL_STATUS ( 'not_yet_approved' ) ;
#2902 = DATE_TIME_ROLE ( 'creation_date' ) ;
#2903 = PERSON_AND_ORGANIZATION_ROLE ( 'creator' ) ;
#2904 = APPROVAL_ROLE ( '' ) ;
#2905 = APPROVAL_STATUS ( 'not_yet_approved' ) ;
#2906 = APPLICATION_PROTOCOL_DEFINITION ( 'international standard', 'config_control_design', 1994, #2907 ) ;
#2907 = APPLICATION_CONTEXT ( 'configuration controlled 3d designs of mechanical parts and assemblies' ) ;
#2908 = PERSON_AND_ORGANIZATION_ROLE ( 'design_owner' ) ;
#2909 = MECHANICAL_CONTEXT ( 'NONE', #2912, 'mechanical' ) ;
#2910 = DIRECTION ( 'NONE',  ( 1.000000000000000000, 0.0000000000000000000, 0.0000000000000000000 ) ) ;
#2911 = CARTESIAN_POINT ( 'NONE',  ( 0.0000000000000000000, 0.0000000000000000000, 0.0000000000000000000 ) ) ;
#2912 = APPLICATION_CONTEXT ( 'configuration controlled 3d designs of mechanical parts and assemblies' ) ;
#2913 = DIRECTION ( 'NONE',  ( 0.0000000000000000000, 0.0000000000000000000, 1.000000000000000000 ) ) ;
#2914 = APPLICATION_PROTOCOL_DEFINITION ( 'international standard', 'config_control_design', 1994, #2912 ) ;
#2915 =( NAMED_UNIT ( * ) SI_UNIT ( $, .STERADIAN. ) SOLID_ANGLE_UNIT ( ) );
#2916 =( NAMED_UNIT ( * ) PLANE_ANGLE_UNIT ( ) SI_UNIT ( $, .RADIAN. ) );
#2917 =( LENGTH_UNIT ( ) NAMED_UNIT ( * ) SI_UNIT ( .MILLI., .METRE. ) );
#2918 = CARTESIAN_POINT ( 'NONE',  ( 64.00000000000000000, 186.1162899133375400, 5.000000000000000000 ) ) ;
#2919 = CARTESIAN_POINT ( 'NONE',  ( 63.99999999999998600, 187.0117036259411500, 4.999999999999999100 ) ) ;
#2920 = CARTESIAN_POINT ( 'NONE',  ( 51.00000000000000700, 195.2488586709062000, 0.0000000000000000000 ) ) ;
#2921 = CARTESIAN_POINT ( 'NONE',  ( -72.50000000000001400, 15.00000000000008900, -58.00000000000001400 ) ) ;
#2922 = CARTESIAN_POINT ( 'NONE',  ( 51.52738728725416500, 195.2488586709061700, 0.0000000000000000000 ) ) ;
#2923 = CARTESIAN_POINT ( 'NONE',  ( 58.28795227910501400, 189.9213636993187000, 4.999999999999817900 ) ) ;
#2924 = CARTESIAN_POINT ( 'NONE',  ( 58.28795227905197200, 189.9213636992994300, 0.0000000000000000000 ) ) ;
#2925 = CARTESIAN_POINT ( 'NONE',  ( 62.76686917914373300, 192.1778861987214400, 5.000000000000000000 ) ) ;
#2926 = CARTESIAN_POINT ( 'NONE',  ( 51.89732823175921100, 200.2488586700345100, 5.000000000000000000 ) ) ;
#2927 = CARTESIAN_POINT ( 'NONE',  ( 52.04160154607521300, 195.1913067907883000, 4.999999999975425000 ) ) ;
#2928 = CARTESIAN_POINT ( 'NONE',  ( 52.04160154604603900, 195.1913067906714600, 0.0000000000000000000 ) ) ;
#2929 = CARTESIAN_POINT ( 'NONE',  ( 62.39115781058816200, 192.9792903020787100, 5.000000000000000000 ) ) ;
#2930 = CARTESIAN_POINT ( 'NONE',  ( 52.77773521167056000, 200.1500808251642200, 5.000000000000000000 ) ) ;
#2931 = CARTESIAN_POINT ( 'NONE',  ( 57.92830176374853600, 190.7196712836221200, 0.0000000000000000000 ) ) ;
#2932 = CARTESIAN_POINT ( 'NONE',  ( 61.73457896276765700, 194.1387033602731500, 4.999999999999999100 ) ) ;
#2933 = CARTESIAN_POINT ( 'NONE',  ( 62.18497736897950300, 193.3715811556093600, 4.999999999999999100 ) ) ;
#2934 = CARTESIAN_POINT ( 'NONE',  ( 57.79410373863066000, 190.9747820207689100, 5.000000000001363400 ) ) ;
#2935 = CARTESIAN_POINT ( 'NONE',  ( 57.79410373857903200, 190.9747820207385900, 0.0000000000000000000 ) ) ;
#2936 = CARTESIAN_POINT ( 'NONE',  ( 59.14290322500845300, 197.1691425913873300, 5.000000000000000000 ) ) ;
#2937 = CARTESIAN_POINT ( 'NONE',  ( 57.92830176374642500, 190.7196712836211200, 5.000000000000000900 ) ) ;
#2938 = CARTESIAN_POINT ( 'NONE',  ( 58.17536684904877100, 190.1926737267611700, 0.0000000000000000000 ) ) ;
#2939 = CARTESIAN_POINT ( 'NONE',  ( 55.86439896178916300, 193.3903144129849100, 5.000000000004642500 ) ) ;
#2940 = CARTESIAN_POINT ( 'NONE',  ( 55.86439896182469100, 193.3903144130198700, 0.0000000000000000000 ) ) ;
#2941 = CARTESIAN_POINT ( 'NONE',  ( 58.79923482891320000, 197.4573766231122000, 5.000000000000000000 ) ) ;
#2942 = CARTESIAN_POINT ( 'NONE',  ( 55.65168894687449400, 193.5685812065927100, 4.999999999999026600 ) ) ;
#2943 = CARTESIAN_POINT ( 'NONE',  ( 55.65168894695447900, 193.5685812066967900, 0.0000000000000000000 ) ) ;
#2944 = CARTESIAN_POINT ( 'NONE',  ( 54.99444643713590600, 194.0640246658836900, 5.000000000001934500 ) ) ;
#2945 = CARTESIAN_POINT ( 'NONE',  ( 54.99444643697594900, 194.0640246656755900, 0.0000000000000000000 ) ) ;
#2946 = CARTESIAN_POINT ( 'NONE',  ( 57.72862226904303600, 198.2644272658076800, 5.000000000000000000 ) ) ;
#2947 = CARTESIAN_POINT ( 'NONE',  ( 56.97005514733674400, 198.7214459144401800, 5.000000000000000000 ) ) ;
#2948 = CARTESIAN_POINT ( 'NONE',  ( 54.53451139523671300, 194.3403905412413600, 4.999999999988868500 ) ) ;
#2949 = CARTESIAN_POINT ( 'NONE',  ( 54.53451139520340300, 194.3403905411831300, 0.0000000000000000000 ) ) ;
#2950 = CARTESIAN_POINT ( 'NONE',  ( 53.81028589247141300, 194.6783759653939700, 5.000000000005603500 ) ) ;
#2951 = CARTESIAN_POINT ( 'NONE',  ( 53.81028589248809600, 194.6783759654230700, 0.0000000000000000000 ) ) ;
#2952 = CARTESIAN_POINT ( 'NONE',  ( 55.76425921484489800, 199.2841731971807600, 5.000000000000000000 ) ) ;
#2953 = CARTESIAN_POINT ( 'NONE',  ( 55.34949340521400500, 199.4515775409129500, 5.000000000000000000 ) ) ;
#2954 = CARTESIAN_POINT ( 'NONE',  ( 53.56365225639316200, 194.7778198211266300, 5.000000000000197200 ) ) ;
#2955 = CARTESIAN_POINT ( 'NONE',  ( 53.56365225643693200, 194.7778198212550100, 0.0000000000000000000 ) ) ;
#2956 = CARTESIAN_POINT ( 'NONE',  ( 54.50190821757480100, 199.7405079521419100, 5.000000000000000000 ) ) ;
#2957 = CARTESIAN_POINT ( 'NONE',  ( 53.06120102468987900, 194.9490987004144500, 4.999999999999809000 ) ) ;
#2958 = CARTESIAN_POINT ( 'NONE',  ( 53.06120102464611000, 194.9490987002860700, 0.0000000000000000000 ) ) ;
#2959 = CARTESIAN_POINT ( 'NONE',  ( 54.07391525330191900, 199.8606004795115000, 5.000000000000000000 ) ) ;
#2960 = CARTESIAN_POINT ( 'NONE',  ( 52.80725358476989600, 195.0203110880772800, 5.000000000012287900 ) ) ;
#2961 = CARTESIAN_POINT ( 'NONE',  ( 52.80725358478447600, 195.0203110881356600, 0.0000000000000000000 ) ) ;
ENDSEC;
END-ISO-10303-21;
